"","TF","symbol","gene"
"1","V.AP1_01","FOS","SRPK1"
"2","V.AP1_01","FOS","IL7R"
"3","V.AP1_01","FOS","MAPK13"
"4","V.AP1_01","FOS","SNRPA"
"5","V.AP1_01","FOS","LTBP3"
"6","V.AP1_01","JUN","SRPK1"
"7","V.AP1_01","JUN","IL7R"
"8","V.AP1_01","JUN","MAPK13"
"9","V.AP1_01","JUN","SNRPA"
"10","V.AP1_01","JUN","LTBP3"
"11","V.AP1_02","FOS","TGFA"
"12","V.AP1_02","FOS","MAPK13"
"13","V.AP1_02","FOS","LTBP3"
"14","V.AP1_02","FOS","TRIOBP"
"15","V.AP1_02","FOS","ICAM1"
"16","V.AP1_02","FOS","IL7R"
"17","V.AP1_02","FOS","SRPK1"
"18","V.AP1_02","FOS","S100A2"
"19","V.AP1_02","FOS","KLHL12"
"20","V.AP1_02","FOS","TPR"
"21","V.AP1_02","FOS","SNRPA"
"22","V.AP1_02","JUN","TGFA"
"23","V.AP1_02","JUN","MAPK13"
"24","V.AP1_02","JUN","LTBP3"
"25","V.AP1_02","JUN","TRIOBP"
"26","V.AP1_02","JUN","ICAM1"
"27","V.AP1_02","JUN","IL7R"
"28","V.AP1_02","JUN","SRPK1"
"29","V.AP1_02","JUN","S100A2"
"30","V.AP1_02","JUN","KLHL12"
"31","V.AP1_02","JUN","TPR"
"32","V.AP1_02","JUN","SNRPA"
"33","V.AP1_Q4_01","JUN","SNRPA"
"34","V.AP1_Q4_01","JUN","SRPK1"
"35","V.AP1_Q4_01","JUN","IL7R"
"36","V.AP1_Q4_01","JUN","LTBP3"
"37","V.AP1_Q4_01","FOS","SNRPA"
"38","V.AP1_Q4_01","FOS","SRPK1"
"39","V.AP1_Q4_01","FOS","IL7R"
"40","V.AP1_Q4_01","FOS","LTBP3"
"41","V.AP1_Q6_01","JUN","IL7R"
"42","V.AP1_Q6_01","JUN","MAPK13"
"43","V.AP1_Q6_01","JUN","LTBP3"
"44","V.AP1_Q6_01","JUN","SNRPA"
"45","V.AP1_Q6_01","JUN","SRPK1"
"46","V.AP1_Q6_01","FOS","IL7R"
"47","V.AP1_Q6_01","FOS","MAPK13"
"48","V.AP1_Q6_01","FOS","LTBP3"
"49","V.AP1_Q6_01","FOS","SNRPA"
"50","V.AP1_Q6_01","FOS","SRPK1"
"51","V.BATFJUN_01","JUN","RHOD"
"52","V.BATFJUN_01","JUN","SH3YL1"
"53","V.BATFJUN_01","JUN","TRIOBP"
"54","V.BATFJUN_01","JUN","ATF3"
"55","V.BATFJUN_01","JUN","KLHL12"
"56","V.BATFJUN_01","JUN","TACC1"
"57","V.BATFJUN_01","JUN","TGFA"
"58","V.BATFJUN_01","JUN","TAF1B"
"59","V.BATFJUN_01","JUN","ICAM1"
"60","V.BATFJUN_01","JUN","LTBP3"
"61","V.BATFJUN_01","JUN","CD55"
"62","V.BATFJUN_01","JUN","TBL1X"
"63","V.BATFJUN_01","JUN","HUWE1"
"64","V.BATFJUN_01","JUN","KAT2A"
"65","V.BATFJUN_01","JUN","BGN"
"66","V.BATFJUN_01","JUN","PLK1"
"67","V.BATFJUN_01","JUN","MAPT"
"68","V.BATFJUN_01","JUN","LIMK2"
"69","V.BATFJUN_01","JUN","SRPK1"
"70","V.BATFJUN_01","JUN","COL13A1"
"71","V.BATFJUN_01","JUN","RRM2B"
"72","V.BATFJUN_01","JUN","GSN"
"73","V.BATFJUN_01","JUN","S100A2"
"74","V.BATFJUN_01","JUN","NUF2"
"75","V.BATFJUN_01","JUN","TOP2A"
"76","V.BATFJUN_01","JUN","SMAD4"
"77","V.BATFJUN_01","JUN","TPR"
"78","V.BATFJUN_01","JUN","MEX3B"
"79","V.BATFJUN_01","JUN","IL7R"
"80","V.BATFJUN_01","JUN","MAPK13"
"81","V.BATFJUN_01","JUN","TP53"
"82","V.BATFJUN_01","JUN","IGF1R"
"83","V.BATFJUN_01","JUN","TNK2"
"84","V.BATFJUN_01","JUN","SNRPA"
"85","V.BATFJUN_01","JUN","VIM"
"86","V.BATFJUN_01","JUN","CKAP5"
"87","V.BATFJUN_01","JUN","DNAJB2"
"88","V.BATFJUN_01","JUN","FBLN1"
"89","V.BATFJUN_01","JUN","TPX2"
"90","V.BATFJUN_01","JUN","FGF13"
"91","V.BETACATENIN_Q3","CTNNB1","TAF1B"
"92","V.BETACATENIN_Q3","CTNNB1","IL7R"
"93","V.BETACATENIN_Q3","CTNNB1","MEX3B"
"94","V.BETACATENIN_Q3","CTNNB1","TGFB1"
"95","V.BETACATENIN_Q3","CTNNB1","SELPLG"
"96","V.BETACATENIN_Q3_01","CTNNB1","PLK1"
"97","V.BETACATENIN_Q3_01","CTNNB1","FYN"
"98","V.BETACATENIN_Q3_01","CTNNB1","IGF1R"
"99","V.BETACATENIN_Q3_01","CTNNB1","SHC1"
"100","V.BETACATENIN_Q3_01","CTNNB1","MAPK13"
"101","V.BETACATENIN_Q3_01","CTNNB1","BUB1"
"102","V.BETACATENIN_Q3_01","CTNNB1","TBL1X"
"103","V.BETACATENIN_Q3_01","CTNNB1","GSN"
"104","V.BETACATENIN_Q3_01","CTNNB1","MEX3B"
"105","V.BETACATENIN_Q3_01","CTNNB1","FBLN1"
"106","V.BETACATENIN_Q3_01","CTNNB1","VIM"
"107","V.BETACATENIN_Q3_01","CTNNB1","PKIA"
"108","V.BETACATENIN_Q3_01","CTNNB1","PIAS3"
"109","V.BETACATENIN_Q3_01","CTNNB1","TAF12"
"110","V.BETACATENIN_Q3_01","CTNNB1","RFWD2"
"111","V.BETACATENIN_Q3_01","CTNNB1","TACC1"
"112","V.BETACATENIN_Q3_01","CTNNB1","MOCOS"
"113","V.BETACATENIN_Q3_01","CTNNB1","ICAM1"
"114","V.BETACATENIN_Q3_01","CTNNB1","NMT2"
"115","V.BETACATENIN_Q3_01","CTNNB1","CABLES2"
"116","V.BETACATENIN_Q3_01","CTNNB1","TRIM33"
"117","V.BETACATENIN_Q3_01","CTNNB1","LRP1"
"118","V.BETACATENIN_Q3_01","CTNNB1","LTBP3"
"119","V.BETACATENIN_Q3_01","CTNNB1","STX6"
"120","V.BETACATENIN_Q3_01","CTNNB1","EVL"
"121","V.BETACATENIN_Q3_01","CTNNB1","ADAM9"
"122","V.BETACATENIN_Q3_01","CTNNB1","TAF1B"
"123","V.BETACATENIN_Q3_01","CTNNB1","TNIK"
"124","V.BETACATENIN_Q3_01","CTNNB1","EGFR"
"125","V.BETACATENIN_Q3_01","CTNNB1","FGF13"
"126","V.BETACATENIN_Q3_01","CTNNB1","TP53"
"127","V.BETACATENIN_Q3_01","CTNNB1","LIMK2"
"128","V.BETACATENIN_Q3_01","CTNNB1","ANXA1"
"129","V.BETACATENIN_Q3_01","CTNNB1","BGN"
"130","V.BETACATENIN_Q3_01","CTNNB1","AURKA"
"131","V.BETACATENIN_Q3_01","CTNNB1","IL7R"
"132","V.BETACATENIN_Q3_01","CTNNB1","TPX2"
"133","V.BETACATENIN_Q3_01","CTNNB1","TOP2A"
"134","V.BETACATENIN_Q3_01","CTNNB1","SNRPA"
"135","V.BETACATENIN_Q3_01","CTNNB1","MAPT"
"136","V.BETACATENIN_Q3_01","CTNNB1","ITGB8"
"137","V.BETACATENIN_Q3_01","CTNNB1","SERPINA1"
"138","V.BETACATENIN_Q3_01","CTNNB1","COL13A1"
"139","V.BETACATENIN_Q3_01","CTNNB1","KLHL12"
"140","V.BETACATENIN_Q3_01","CTNNB1","ATF3"
"141","V.BETACATENIN_Q3_01","CTNNB1","TGFB1"
"142","V.BETACATENIN_Q3_01","CTNNB1","SELPLG"
"143","V.BETACATENIN_Q6","CTNNB1","TBL1X"
"144","V.BETACATENIN_Q6","CTNNB1","PLK1"
"145","V.BETACATENIN_Q6","CTNNB1","IL4R"
"146","V.BETACATENIN_Q6","CTNNB1","DNAJB2"
"147","V.BETACATENIN_Q6","CTNNB1","MOCOS"
"148","V.BETACATENIN_Q6","CTNNB1","TNK2"
"149","V.BETACATENIN_Q6","CTNNB1","RFWD2"
"150","V.BETACATENIN_Q6","CTNNB1","FYN"
"151","V.BETACATENIN_Q6","CTNNB1","ROCK1"
"152","V.BETACATENIN_Q6","CTNNB1","GSN"
"153","V.BETACATENIN_Q6","CTNNB1","MAPK13"
"154","V.BETACATENIN_Q6","CTNNB1","ANXA1"
"155","V.BETACATENIN_Q6","CTNNB1","PIAS3"
"156","V.BETACATENIN_Q6","CTNNB1","LIMK2"
"157","V.BETACATENIN_Q6","CTNNB1","TAF12"
"158","V.BETACATENIN_Q6","CTNNB1","TACC1"
"159","V.BETACATENIN_Q6","CTNNB1","FGF13"
"160","V.BETACATENIN_Q6","CTNNB1","TOP2A"
"161","V.BETACATENIN_Q6","CTNNB1","LRP1"
"162","V.BETACATENIN_Q6","CTNNB1","RASGRF1"
"163","V.BETACATENIN_Q6","CTNNB1","SNRPA"
"164","V.BETACATENIN_Q6","CTNNB1","TAF1B"
"165","V.BETACATENIN_Q6","CTNNB1","ADAM9"
"166","V.BETACATENIN_Q6","CTNNB1","TRIM33"
"167","V.BETACATENIN_Q6","CTNNB1","EVL"
"168","V.BETACATENIN_Q6","CTNNB1","CD55"
"169","V.BETACATENIN_Q6","CTNNB1","TPR"
"170","V.BETACATENIN_Q6","CTNNB1","CKAP5"
"171","V.BETACATENIN_Q6","CTNNB1","LTBP3"
"172","V.BETACATENIN_Q6","CTNNB1","PKIA"
"173","V.BETACATENIN_Q6","CTNNB1","FBLN1"
"174","V.BETACATENIN_Q6","CTNNB1","SHC1"
"175","V.BETACATENIN_Q6","CTNNB1","CABLES2"
"176","V.BETACATENIN_Q6","CTNNB1","HMGB2"
"177","V.BETACATENIN_Q6","CTNNB1","SH3YL1"
"178","V.BETACATENIN_Q6","CTNNB1","CXXC5"
"179","V.BETACATENIN_Q6","CTNNB1","ICAM1"
"180","V.BETACATENIN_Q6","CTNNB1","BGN"
"181","V.BETACATENIN_Q6","CTNNB1","BUB1"
"182","V.BETACATENIN_Q6","CTNNB1","SMAD4"
"183","V.BETACATENIN_Q6","CTNNB1","BACE1"
"184","V.BETACATENIN_Q6","CTNNB1","PTPRA"
"185","V.BETACATENIN_Q6","CTNNB1","MEX3B"
"186","V.BETACATENIN_Q6","CTNNB1","ARID3A"
"187","V.BETACATENIN_Q6","CTNNB1","TPX2"
"188","V.BETACATENIN_Q6","CTNNB1","IL7R"
"189","V.BETACATENIN_Q6","CTNNB1","VIM"
"190","V.BETACATENIN_Q6","CTNNB1","KAT2A"
"191","V.BETACATENIN_Q6","CTNNB1","SERPINA1"
"192","V.BETACATENIN_Q6","CTNNB1","TP53"
"193","V.BETACATENIN_Q6","CTNNB1","TNIK"
"194","V.BETACATENIN_Q6","CTNNB1","TGFB1"
"195","V.BETACATENIN_Q6","CTNNB1","PAG1"
"196","V.BETACATENIN_Q6","CTNNB1","FN1"
"197","V.BETACATENIN_Q6","CTNNB1","HMGA2"
"198","V.BETACATENIN_Q6","CTNNB1","NDC80"
"199","V.BETACATENIN_Q6","CTNNB1","COL13A1"
"200","V.BETACATENIN_Q6","CTNNB1","EGFR"
"201","V.BETACATENIN_Q6","CTNNB1","MAD2L2"
"202","V.BETACATENIN_Q6","CTNNB1","STX6"
"203","V.BETACATENIN_Q6","CTNNB1","S100A2"
"204","V.BETACATENIN_Q6","CTNNB1","SELPLG"
"205","V.BETACATENIN_Q6","CTNNB1","KLHL12"
"206","V.BETACATENIN_Q6","CTNNB1","IGF1R"
"207","V.BETACATENIN_Q6","CTNNB1","MAPT"
"208","V.BETACATENIN_Q6","CTNNB1","TGFA"
"209","V.BETACATENIN_Q6","CTNNB1","TRIOBP"
"210","V.BETACATENIN_Q6","CTNNB1","AURKA"
"211","V.BETACATENIN_Q6","CTNNB1","ITGB8"
"212","V.BETACATENIN_Q6","CTNNB1","NUF2"
"213","V.BETACATENIN_Q6","CTNNB1","SRPK1"
"214","V.BETACATENIN_Q6","CTNNB1","ATF3"
"215","V.BETACATENIN_Q6","CTNNB1","NMT2"
"216","V.BETACATENIN_Q6_01","CTNNB1","ADAM9"
"217","V.BETACATENIN_Q6_01","CTNNB1","TAF12"
"218","V.BETACATENIN_Q6_01","CTNNB1","TNIK"
"219","V.BETACATENIN_Q6_01","CTNNB1","TRIM33"
"220","V.BETACATENIN_Q6_01","CTNNB1","LRP1"
"221","V.BETACATENIN_Q6_01","CTNNB1","SNRPA"
"222","V.BETACATENIN_Q6_01","CTNNB1","LTBP3"
"223","V.BETACATENIN_Q6_01","CTNNB1","EVL"
"224","V.BETACATENIN_Q6_01","CTNNB1","COL13A1"
"225","V.BETACATENIN_Q6_01","CTNNB1","TP53"
"226","V.BETACATENIN_Q6_01","CTNNB1","ANXA1"
"227","V.BETACATENIN_Q6_01","CTNNB1","TOP2A"
"228","V.BETACATENIN_Q6_01","CTNNB1","BGN"
"229","V.BETACATENIN_Q6_01","CTNNB1","KLHL12"
"230","V.BETACATENIN_Q6_01","CTNNB1","BACE1"
"231","V.BETACATENIN_Q6_01","CTNNB1","SERPINA1"
"232","V.BETACATENIN_Q6_01","CTNNB1","TAF1B"
"233","V.BETACATENIN_Q6_01","CTNNB1","LIMK2"
"234","V.BETACATENIN_Q6_01","CTNNB1","IL7R"
"235","V.BETACATENIN_Q6_01","CTNNB1","BUB1"
"236","V.BETACATENIN_Q6_01","CTNNB1","CD55"
"237","V.BETACATENIN_Q6_01","CTNNB1","FYN"
"238","V.BETACATENIN_Q6_01","CTNNB1","AURKA"
"239","V.BETACATENIN_Q6_01","CTNNB1","PLK1"
"240","V.BETACATENIN_Q6_01","CTNNB1","ITGB8"
"241","V.BETACATENIN_Q6_01","CTNNB1","NMT2"
"242","V.BETACATENIN_Q6_01","CTNNB1","CXXC5"
"243","V.BETACATENIN_Q6_01","CTNNB1","ATF3"
"244","V.BETACATENIN_Q6_01","CTNNB1","SELPLG"
"245","V.BETACATENIN_Q6_01","CTNNB1","MEX3B"
"246","V.BETACATENIN_Q6_01","CTNNB1","CABLES2"
"247","V.BETACATENIN_Q6_01","CTNNB1","TPX2"
"248","V.CFOS_Q4","FOS","IL7R"
"249","V.CFOS_Q4","FOS","SNRPA"
"250","V.CFOS_Q4","FOS","MAPK13"
"251","V.CFOS_Q4","FOS","LTBP3"
"252","V.CFOS_Q4","FOS","SRPK1"
"253","V.CFOS_Q6","FOS","MAPK13"
"254","V.CFOS_Q6","FOS","SRPK1"
"255","V.CFOS_Q6","FOS","IL7R"
"256","V.E12_Q6","TCF3","FYN"
"257","V.E12_Q6","TCF3","KLHL12"
"258","V.E12_Q6","TCF3","EVL"
"259","V.E12_Q6","TCF3","S100A2"
"260","V.E12_Q6","TCF3","MOCOS"
"261","V.E12_Q6","TCF3","MAD2L2"
"262","V.E12_Q6","TCF3","SKIL"
"263","V.E12_Q6","TCF3","TRIM33"
"264","V.E12_Q6","TCF3","KAT2A"
"265","V.E12_Q6","TCF3","CXXC5"
"266","V.E12_Q6","TCF3","ROCK1"
"267","V.E12_Q6","TCF3","RFWD2"
"268","V.E12_Q6","TCF3","TNK2"
"269","V.E12_Q6","TCF3","RHOD"
"270","V.E12_Q6","TCF3","FBLN1"
"271","V.E12_Q6","TCF3","TGFA"
"272","V.E12_Q6","TCF3","PLK1"
"273","V.E12_Q6","TCF3","ATF3"
"274","V.E12_Q6","TCF3","SERPINA1"
"275","V.E12_Q6","TCF3","TPR"
"276","V.E12_Q6","TCF3","PTPRA"
"277","V.E12_Q6","TCF3","BUB1"
"278","V.E12_Q6","TCF3","IL7R"
"279","V.E12_Q6","TCF3","SNRPA"
"280","V.E12_Q6","TCF3","TBL1X"
"281","V.E12_Q6","TCF3","SNAP29"
"282","V.E12_Q6","TCF3","CD55"
"283","V.E12_Q6","TCF3","LIMK2"
"284","V.E12_Q6","TCF3","TOP2A"
"285","V.E2A_03","TCF3","MOCOS"
"286","V.E2A_03","TCF3","KLHL12"
"287","V.E2A_03","TCF3","RHOD"
"288","V.E2A_03","TCF3","PLK1"
"289","V.E2A_03","TCF3","PKIA"
"290","V.E2A_03","TCF3","ITGB8"
"291","V.E2A_03","TCF3","TRIM33"
"292","V.E2A_03","TCF3","KAT2A"
"293","V.E2A_03","TCF3","S100A2"
"294","V.E2A_03","TCF3","TBL1X"
"295","V.E2A_03","TCF3","FN1"
"296","V.E2A_03","TCF3","FYN"
"297","V.E2A_03","TCF3","TNK2"
"298","V.E2A_03","TCF3","TGFA"
"299","V.E2A_03","TCF3","FGF13"
"300","V.E2A_03","TCF3","FBLN1"
"301","V.E2A_03","TCF3","IL7R"
"302","V.E2A_03","TCF3","SKIL"
"303","V.E2A_03","TCF3","LIMK2"
"304","V.E2A_03","TCF3","PTPRA"
"305","V.E2A_03","TCF3","CD55"
"306","V.E2A_03","TCF3","ROCK1"
"307","V.E2A_03","TCF3","BIRC6"
"308","V.E2A_03","TCF3","BUB1"
"309","V.E2A_03","TCF3","TPR"
"310","V.E2A_03","TCF3","MAPK13"
"311","V.E2A_03","TCF3","RFWD2"
"312","V.E2A_03","TCF3","SNAP29"
"313","V.E2A_03","TCF3","CXXC5"
"314","V.E2A_03","TCF3","NDC80"
"315","V.E2A_03","TCF3","MAD2L2"
"316","V.E2A_03","TCF3","TGFB1"
"317","V.E2A_03","TCF3","ATF3"
"318","V.E2A_03","TCF3","SNRPA"
"319","V.E2A_03","TCF3","SERPINA1"
"320","V.E2A_03","TCF3","EVL"
"321","V.E2A_04","TCF3","PKIA"
"322","V.E2A_04","TCF3","NDC80"
"323","V.E2A_04","TCF3","ITGB8"
"324","V.E2A_04","TCF3","CD55"
"325","V.E2A_04","TCF3","SELPLG"
"326","V.E2A_04","TCF3","CKAP5"
"327","V.E2A_04","TCF3","KAT2A"
"328","V.E2A_04","TCF3","RHOD"
"329","V.E2A_04","TCF3","ROCK1"
"330","V.E2A_04","TCF3","TNK2"
"331","V.E2A_04","TCF3","CXXC5"
"332","V.E2A_04","TCF3","PTPRA"
"333","V.E2A_04","TCF3","FYN"
"334","V.E2A_04","TCF3","SERPINA1"
"335","V.E2A_04","TCF3","FN1"
"336","V.E2A_04","TCF3","BIRC6"
"337","V.E2A_Q2","TCF3","TPR"
"338","V.E2A_Q2","TCF3","SKIL"
"339","V.E2A_Q2","TCF3","S100A2"
"340","V.E2A_Q2","TCF3","RHOD"
"341","V.E2A_Q2","TCF3","PLK1"
"342","V.E2A_Q2","TCF3","LIMK2"
"343","V.E2A_Q2","TCF3","FBLN1"
"344","V.E2A_Q2","TCF3","FYN"
"345","V.E2A_Q2","TCF3","ITGB8"
"346","V.E2A_Q2","TCF3","EVL"
"347","V.E2A_Q2","TCF3","SNRPA"
"348","V.E2A_Q2","TCF3","TRIM33"
"349","V.E2A_Q2","TCF3","BUB1"
"350","V.E2A_Q2","TCF3","KAT2A"
"351","V.E2A_Q2","TCF3","IL4R"
"352","V.E2A_Q2","TCF3","MAD2L2"
"353","V.E2A_Q2","TCF3","CKAP5"
"354","V.E2A_Q6_01","TCF3","SERPINA1"
"355","V.E2A_Q6_01","TCF3","RRM2B"
"356","V.E2A_Q6_01","TCF3","SNAP29"
"357","V.E2A_Q6_01","TCF3","ROCK1"
"358","V.E2A_Q6_01","TCF3","CXXC5"
"359","V.E2A_Q6_01","TCF3","RHOD"
"360","V.E2A_Q6_01","TCF3","TGFB1"
"361","V.E2A_Q6_02","TCF3","CXXC5"
"362","V.E2A_Q6_02","TCF3","S100A2"
"363","V.E2A_Q6_02","TCF3","TGFB1"
"364","V.E2A_Q6_02","TCF3","CABLES2"
"365","V.E2A_Q6_02","TCF3","RHOD"
"366","V.E2A_Q6_02","TCF3","SNRPA"
"367","V.E2A_Q6_02","TCF3","SNAP29"
"368","V.E2A_Q6_02","TCF3","FYN"
"369","V.E2A_Q6_02","TCF3","TPR"
"370","V.E47_01","TCF3","EGFR"
"371","V.E47_01","TCF3","LIMK2"
"372","V.E47_01","TCF3","VIM"
"373","V.E47_01","TCF3","ICAM1"
"374","V.E47_01","TCF3","RHOD"
"375","V.E47_01","TCF3","FGF13"
"376","V.E47_01","TCF3","FN1"
"377","V.E47_01","TCF3","SKIL"
"378","V.E47_01","TCF3","TP53"
"379","V.E47_01","TCF3","S100A2"
"380","V.E47_01","TCF3","SNRPA"
"381","V.E47_01","TCF3","MAPK13"
"382","V.E47_01","TCF3","TGFA"
"383","V.E47_01","TCF3","SELPLG"
"384","V.E47_01","TCF3","FYN"
"385","V.E47_01","TCF3","BGN"
"386","V.E47_01","TCF3","NMT2"
"387","V.E47_01","TCF3","RRM2B"
"388","V.E47_01","TCF3","DNAJB2"
"389","V.E47_01","TCF3","TBL1X"
"390","V.E47_01","TCF3","ROCK1"
"391","V.E47_01","TCF3","PIAS3"
"392","V.E47_01","TCF3","TPX2"
"393","V.E47_01","TCF3","COL13A1"
"394","V.E47_01","TCF3","AURKA"
"395","V.E47_01","TCF3","ARID3A"
"396","V.E47_01","TCF3","PLK1"
"397","V.E47_01","TCF3","ANXA1"
"398","V.E47_01","TCF3","PKIA"
"399","V.E47_01","TCF3","HUWE1"
"400","V.E47_01","TCF3","TPR"
"401","V.E47_01","TCF3","SERPINA1"
"402","V.E47_01","TCF3","BIRC6"
"403","V.E47_01","TCF3","TRIOBP"
"404","V.E47_01","TCF3","CXXC5"
"405","V.E47_01","TCF3","GSN"
"406","V.E47_01","TCF3","SRPK1"
"407","V.E47_01","TCF3","TNK2"
"408","V.E47_01","TCF3","KLHL12"
"409","V.E47_01","TCF3","EVL"
"410","V.E47_01","TCF3","BACE1"
"411","V.E47_01","TCF3","LTBP3"
"412","V.E47_01","TCF3","TOP2A"
"413","V.E47_01","TCF3","ITGB8"
"414","V.E47_01","TCF3","PTPRA"
"415","V.E47_01","TCF3","ATF3"
"416","V.E47_01","TCF3","MAPT"
"417","V.E47_01","TCF3","KAT2A"
"418","V.E47_01","TCF3","BUB1"
"419","V.E47_01","TCF3","LRP1"
"420","V.E47_01","TCF3","CABLES2"
"421","V.E47_01","TCF3","FBLN1"
"422","V.E47_01","TCF3","IGF1R"
"423","V.E47_01","TCF3","SNAP29"
"424","V.E47_01","TCF3","MOCOS"
"425","V.E47_01","TCF3","SMAD4"
"426","V.E47_01","TCF3","IL4R"
"427","V.E47_01","TCF3","TAF12"
"428","V.E47_01","TCF3","TGFB1"
"429","V.E47_01","TCF3","TRIM33"
"430","V.E47_01","TCF3","HMGA2"
"431","V.E47_01","TCF3","CDC20"
"432","V.E47_01","TCF3","NDC80"
"433","V.E47_01","TCF3","CD55"
"434","V.E47_01","TCF3","ADAM9"
"435","V.E47_01","TCF3","RASGRF1"
"436","V.E47_01","TCF3","TAF1B"
"437","V.E47_01","TCF3","TNIK"
"438","V.E47_01","TCF3","RFWD2"
"439","V.E47_01","TCF3","IL7R"
"440","V.E47_01","TCF3","MAD2L2"
"441","V.E47_01","TCF3","HMGB2"
"442","V.E47_01","TCF3","CKAP5"
"443","V.E47_01","TCF3","STX6"
"444","V.E47_02","TCF3","TPR"
"445","V.E47_02","TCF3","RHOD"
"446","V.E47_02","TCF3","PLK1"
"447","V.E47_02","TCF3","LIMK2"
"448","V.E47_02","TCF3","PKIA"
"449","V.E47_02","TCF3","FN1"
"450","V.E47_02","TCF3","ATF3"
"451","V.E47_02","TCF3","ROCK1"
"452","V.E47_02","TCF3","MAPK13"
"453","V.E47_02","TCF3","KLHL12"
"454","V.E47_02","TCF3","TRIM33"
"455","V.E47_02","TCF3","SKIL"
"456","V.E47_02","TCF3","FYN"
"457","V.E47_02","TCF3","PTPRA"
"458","V.E47_02","TCF3","TNK2"
"459","V.E47_02","TCF3","FGF13"
"460","V.E47_02","TCF3","SNAP29"
"461","V.E47_02","TCF3","KAT2A"
"462","V.E47_02","TCF3","BIRC6"
"463","V.E47_02","TCF3","S100A2"
"464","V.E47_02","TCF3","SNRPA"
"465","V.E47_02","TCF3","AURKA"
"466","V.E47_02","TCF3","CD55"
"467","V.E47_02","TCF3","TGFB1"
"468","V.E47_02","TCF3","MOCOS"
"469","V.E47_02","TCF3","EVL"
"470","V.E47_02","TCF3","CKAP5"
"471","V.E47_02","TCF3","CXXC5"
"472","V.E47_02","TCF3","RFWD2"
"473","V.E47_02","TCF3","SERPINA1"
"474","V.E47_02","TCF3","IL7R"
"475","V.E47_02","TCF3","ITGB8"
"476","V.E47_02","TCF3","BUB1"
"477","V.E47_02","TCF3","MAD2L2"
"478","V.E47_02","TCF3","FBLN1"
"479","V.E47_02","TCF3","TGFA"
"480","V.FLI1TCF3_01","TCF3","ARID3A"
"481","V.FLI1TCF3_01","TCF3","TP53"
"482","V.FLI1TCF3_01","TCF3","LIMK2"
"483","V.FLI1TCF3_01","TCF3","PKIA"
"484","V.FLI1TCF3_01","TCF3","FGF13"
"485","V.FLI1TCF3_01","TCF3","KAT2A"
"486","V.FLI1TCF3_01","TCF3","ICAM1"
"487","V.FLI1TCF3_01","TCF3","RRM2B"
"488","V.FLI1TCF3_01","TCF3","BGN"
"489","V.FLI1TCF3_01","TCF3","PAG1"
"490","V.FLI1TCF3_01","TCF3","NMT2"
"491","V.FLI1TCF3_01","TCF3","EGFR"
"492","V.FLI1TCF3_01","TCF3","LTBP3"
"493","V.FLI1TCF3_01","TCF3","TPR"
"494","V.FLI1TCF3_01","TCF3","TNK2"
"495","V.FLI1TCF3_01","TCF3","IGF1R"
"496","V.FLI1TCF3_01","TCF3","MAPT"
"497","V.FLI1TCF3_01","TCF3","MAD2L2"
"498","V.FLI1TCF3_01","TCF3","TBL1X"
"499","V.FLI1TCF3_01","TCF3","SELPLG"
"500","V.FLI1TCF3_01","TCF3","BUB1"
"501","V.FLI1TCF3_01","TCF3","FYN"
"502","V.FLI1TCF3_01","TCF3","LRP1"
"503","V.FLI1TCF3_01","TCF3","HMGA2"
"504","V.FLI1TCF3_01","TCF3","SRPK1"
"505","V.FLI1TCF3_01","TCF3","MOCOS"
"506","V.FLI1TCF3_01","TCF3","SNAP29"
"507","V.FLI1TCF3_01","TCF3","DNAJB2"
"508","V.FLI1TCF3_01","TCF3","MEX3B"
"509","V.FLI1TCF3_01","TCF3","TGFA"
"510","V.FLI1TCF3_01","TCF3","CABLES2"
"511","V.FLI1TCF3_01","TCF3","RASGRF1"
"512","V.FLI1TCF3_01","TCF3","TRIOBP"
"513","V.FLI1TCF3_01","TCF3","BIRC6"
"514","V.FLI1TCF3_01","TCF3","FBLN1"
"515","V.FLI1TCF3_01","TCF3","ROCK1"
"516","V.FLI1TCF3_01","TCF3","SNRPA"
"517","V.FLI1TCF3_01","TCF3","CKAP5"
"518","V.FLI1TCF3_01","TCF3","TAF12"
"519","V.FLI1TCF3_01","TCF3","SMAD4"
"520","V.FLI1TCF3_01","TCF3","ATF3"
"521","V.FLI1TCF3_01","TCF3","SH3YL1"
"522","V.FLI1TCF3_01","TCF3","NDC80"
"523","V.FLI1TCF3_01","TCF3","RFWD2"
"524","V.FLI1TCF3_01","TCF3","HMGB2"
"525","V.FLI1TCF3_01","TCF3","EVL"
"526","V.FLI1TCF3_01","TCF3","FN1"
"527","V.FLI1TCF3_01","TCF3","CXXC5"
"528","V.FLI1TCF3_01","TCF3","CD55"
"529","V.FLI1TCF3_01","TCF3","BACE1"
"530","V.FLI1TCF3_01","TCF3","MAPK13"
"531","V.FOS_02","FOS","S100A2"
"532","V.FOS_02","FOS","TGFA"
"533","V.FOS_02","FOS","TPR"
"534","V.FOS_02","FOS","ICAM1"
"535","V.FOS_02","FOS","SNRPA"
"536","V.FOS_02","FOS","IL7R"
"537","V.FOS_02","FOS","SRPK1"
"538","V.FOS_02","FOS","MAPK13"
"539","V.FOS_02","FOS","LTBP3"
"540","V.FOS_02","FOS","KLHL12"
"541","V.FOS_02","FOS","TRIOBP"
"542","V.FOS_03","FOS","SERPINA1"
"543","V.FOS_03","FOS","CDC20"
"544","V.FOS_03","FOS","IL4R"
"545","V.FOS_03","FOS","RASGRF1"
"546","V.FOS_03","FOS","KAT2A"
"547","V.FOS_03","FOS","HMGA2"
"548","V.FOS_03","FOS","TRIM33"
"549","V.FOS_03","FOS","S100A2"
"550","V.FOS_03","FOS","SH3YL1"
"551","V.FOS_03","FOS","NMT2"
"552","V.FOS_03","FOS","DNAJB2"
"553","V.FOS_03","FOS","ANXA1"
"554","V.FOS_03","FOS","TP53"
"555","V.FOS_03","FOS","BGN"
"556","V.FOS_03","FOS","PIAS3"
"557","V.FOS_03","FOS","MAPT"
"558","V.FOS_03","FOS","BIRC6"
"559","V.FOS_03","FOS","TBL1X"
"560","V.FOS_03","FOS","FN1"
"561","V.FOS_03","FOS","TAF1B"
"562","V.FOS_03","FOS","RHOD"
"563","V.FOS_03","FOS","LIMK2"
"564","V.FOS_03","FOS","PTPRA"
"565","V.FOS_03","FOS","TAF12"
"566","V.FOS_03","FOS","VIM"
"567","V.FOS_03","FOS","STX6"
"568","V.FOS_03","FOS","IL7R"
"569","V.FOS_03","FOS","EGFR"
"570","V.FOS_03","FOS","TPX2"
"571","V.FOS_03","FOS","TPR"
"572","V.FOS_03","FOS","KLHL12"
"573","V.FOS_03","FOS","AURKA"
"574","V.FOS_03","FOS","IGF1R"
"575","V.FOS_03","FOS","CKAP5"
"576","V.FOS_03","FOS","TNIK"
"577","V.FOS_03","FOS","MAD2L2"
"578","V.FOS_03","FOS","TGFA"
"579","V.FOS_03","FOS","ITGB8"
"580","V.FOS_03","FOS","TOP2A"
"581","V.FOS_03","FOS","ATF3"
"582","V.FOS_03","FOS","MAPK13"
"583","V.FOS_03","FOS","CD55"
"584","V.FOS_03","FOS","FGF13"
"585","V.FOS_03","FOS","COL13A1"
"586","V.FOS_03","FOS","SMAD4"
"587","V.FOS_03","FOS","MOCOS"
"588","V.FOS_03","FOS","ROCK1"
"589","V.FOS_03","FOS","GSN"
"590","V.FOS_03","FOS","SRPK1"
"591","V.FOS_03","FOS","FYN"
"592","V.FOS_03","FOS","SNAP29"
"593","V.FOS_03","FOS","BACE1"
"594","V.FOS_03","FOS","ICAM1"
"595","V.FOS_03","FOS","ADAM9"
"596","V.FOS_03","FOS","SHC1"
"597","V.FOS_03","FOS","SNRPA"
"598","V.FOS_03","FOS","PKIA"
"599","V.FOS_03","FOS","MEX3B"
"600","V.FOS_03","FOS","NDC80"
"601","V.FOS_03","FOS","HMGB2"
"602","V.FOS_03","FOS","TNK2"
"603","V.FOS_03","FOS","HUWE1"
"604","V.FOS_03","FOS","NUF2"
"605","V.FOS_03","FOS","SKIL"
"606","V.FOS_03","FOS","ARID3A"
"607","V.FOS_03","FOS","TACC1"
"608","V.FOS_03","FOS","RRM2B"
"609","V.FOS_03","FOS","CXXC5"
"610","V.FOS_03","FOS","TGFB1"
"611","V.FOS_03","FOS","CABLES2"
"612","V.FOS_03","FOS","FBLN1"
"613","V.FOS_03","FOS","LRP1"
"614","V.FOS_03","FOS","PLK1"
"615","V.FOS_03","FOS","SELPLG"
"616","V.FOS_03","FOS","PAG1"
"617","V.FOS_03","FOS","BUB1"
"618","V.FOS_03","FOS","RFWD2"
"619","V.FOS_03","FOS","LTBP3"
"620","V.FOS_03","FOS","TRIOBP"
"621","V.FOS_03","FOS","EVL"
"622","V.FOS_06","FOS","IGF1R"
"623","V.FOS_06","FOS","IL4R"
"624","V.FOS_06","FOS","S100A2"
"625","V.FOS_06","FOS","IL7R"
"626","V.FOS_06","FOS","SMAD4"
"627","V.FOS_06","FOS","FGF13"
"628","V.FOS_06","FOS","ATF3"
"629","V.FOS_06","FOS","RHOD"
"630","V.FOS_06","FOS","COL13A1"
"631","V.FOS_06","FOS","RASGRF1"
"632","V.FOS_06","FOS","TAF1B"
"633","V.FOS_06","FOS","TP53"
"634","V.FOS_06","FOS","ANXA1"
"635","V.FOS_06","FOS","SERPINA1"
"636","V.FOS_06","FOS","TNIK"
"637","V.FOS_06","FOS","ICAM1"
"638","V.FOS_06","FOS","PTPRA"
"639","V.FOS_06","FOS","TPR"
"640","V.FOS_06","FOS","FBLN1"
"641","V.FOS_06","FOS","GSN"
"642","V.FOS_06","FOS","TGFB1"
"643","V.FOS_06","FOS","MAPK13"
"644","V.FOS_06","FOS","SH3YL1"
"645","V.FOS_06","FOS","DNAJB2"
"646","V.FOS_06","FOS","SRPK1"
"647","V.FOS_06","FOS","LIMK2"
"648","V.FOS_06","FOS","ITGB8"
"649","V.FOS_06","FOS","TGFA"
"650","V.FOS_06","FOS","TBL1X"
"651","V.FOS_06","FOS","TACC1"
"652","V.FOS_06","FOS","CD55"
"653","V.FOS_06","FOS","KLHL12"
"654","V.FOS_06","FOS","LTBP3"
"655","V.FOS_06","FOS","NUF2"
"656","V.FOS_06","FOS","TNK2"
"657","V.FOS_06","FOS","TRIOBP"
"658","V.FOS_06","FOS","VIM"
"659","V.FOS_06","FOS","BACE1"
"660","V.FOS_06","FOS","SNRPA"
"661","V.FOS_10","FOS","CDC20"
"662","V.FOS_10","FOS","SHC1"
"663","V.FOS_10","FOS","AURKA"
"664","V.FOS_10","FOS","LRP1"
"665","V.FOS_10","FOS","TGFB1"
"666","V.FOS_10","FOS","BGN"
"667","V.FOS_10","FOS","S100A2"
"668","V.FOS_10","FOS","MOCOS"
"669","V.FOS_10","FOS","FN1"
"670","V.FOS_10","FOS","IL7R"
"671","V.FOS_10","FOS","SNRPA"
"672","V.FOS_10","FOS","PLK1"
"673","V.FOS_10","FOS","ATF3"
"674","V.FOS_10","FOS","TPX2"
"675","V.FOS_10","FOS","FGF13"
"676","V.FOS_10","FOS","SH3YL1"
"677","V.FOS_10","FOS","ADAM9"
"678","V.FOS_10","FOS","RASGRF1"
"679","V.FOS_10","FOS","TBL1X"
"680","V.FOS_10","FOS","GSN"
"681","V.FOS_10","FOS","CD55"
"682","V.FOS_10","FOS","COL13A1"
"683","V.FOS_10","FOS","ANXA1"
"684","V.FOS_10","FOS","TRIOBP"
"685","V.FOS_10","FOS","DNAJB2"
"686","V.FOS_10","FOS","IL4R"
"687","V.FOS_10","FOS","TPR"
"688","V.FOS_10","FOS","TRIM33"
"689","V.FOS_10","FOS","VIM"
"690","V.FOS_10","FOS","ICAM1"
"691","V.FOS_10","FOS","MAPT"
"692","V.FOS_10","FOS","LIMK2"
"693","V.FOS_10","FOS","KLHL12"
"694","V.FOS_10","FOS","TAF1B"
"695","V.FOS_10","FOS","SELPLG"
"696","V.FOS_10","FOS","TACC1"
"697","V.FOS_10","FOS","SERPINA1"
"698","V.FOS_10","FOS","CKAP5"
"699","V.FOS_10","FOS","TP53"
"700","V.FOS_10","FOS","LTBP3"
"701","V.FOS_10","FOS","PTPRA"
"702","V.FOS_10","FOS","TOP2A"
"703","V.FOS_10","FOS","MEX3B"
"704","V.FOS_10","FOS","RFWD2"
"705","V.FOS_10","FOS","SMAD4"
"706","V.FOS_10","FOS","MAPK13"
"707","V.FOS_10","FOS","SRPK1"
"708","V.FOS_10","FOS","TNK2"
"709","V.FOS_10","FOS","TGFA"
"710","V.FOS_10","FOS","ITGB8"
"711","V.FOS_10","FOS","FBLN1"
"712","V.FOS_10","FOS","PIAS3"
"713","V.FOS_10","FOS","BACE1"
"714","V.FOS_10","FOS","NDC80"
"715","V.FOS_10","FOS","BUB1"
"716","V.FOS_10","FOS","CXXC5"
"717","V.FOS_10","FOS","TNIK"
"718","V.FOS_10","FOS","RRM2B"
"719","V.FOS_10","FOS","KAT2A"
"720","V.FOS_10","FOS","NUF2"
"721","V.FOS_11","FOS","FGF13"
"722","V.FOS_11","FOS","TAF1B"
"723","V.FOS_11","FOS","MEX3B"
"724","V.FOS_11","FOS","SERPINA1"
"725","V.FOS_11","FOS","KLHL12"
"726","V.FOS_11","FOS","SNRPA"
"727","V.FOS_11","FOS","ICAM1"
"728","V.FOS_11","FOS","TPR"
"729","V.FOS_11","FOS","MAPK13"
"730","V.FOS_11","FOS","LTBP3"
"731","V.FOS_11","FOS","MAPT"
"732","V.FOS_11","FOS","TGFB1"
"733","V.FOS_11","FOS","TACC1"
"734","V.FOS_11","FOS","ANXA1"
"735","V.FOS_11","FOS","PTPRA"
"736","V.FOS_11","FOS","VIM"
"737","V.FOS_11","FOS","TGFA"
"738","V.FOS_11","FOS","FBLN1"
"739","V.FOS_11","FOS","S100A2"
"740","V.FOS_11","FOS","TNIK"
"741","V.FOS_11","FOS","SRPK1"
"742","V.FOS_11","FOS","ATF3"
"743","V.FOS_11","FOS","TBL1X"
"744","V.FOS_11","FOS","IL4R"
"745","V.FOS_11","FOS","TNK2"
"746","V.FOS_11","FOS","IL7R"
"747","V.FOS_11","FOS","TRIOBP"
"748","V.FOS_11","FOS","NUF2"
"749","V.FOS_11","FOS","ITGB8"
"750","V.FOSJUN_02","JUN","RRM2B"
"751","V.FOSJUN_02","JUN","TBL1X"
"752","V.FOSJUN_02","JUN","PIAS3"
"753","V.FOSJUN_02","JUN","TACC1"
"754","V.FOSJUN_02","JUN","IL4R"
"755","V.FOSJUN_02","JUN","SERPINA1"
"756","V.FOSJUN_02","JUN","RHOD"
"757","V.FOSJUN_02","JUN","CDC20"
"758","V.FOSJUN_02","JUN","SHC1"
"759","V.FOSJUN_02","JUN","ICAM1"
"760","V.FOSJUN_02","JUN","KAT2A"
"761","V.FOSJUN_02","JUN","VIM"
"762","V.FOSJUN_02","JUN","TP53"
"763","V.FOSJUN_02","JUN","FGF13"
"764","V.FOSJUN_02","JUN","RASGRF1"
"765","V.FOSJUN_02","JUN","STX6"
"766","V.FOSJUN_02","JUN","HMGB2"
"767","V.FOSJUN_02","JUN","TRIM33"
"768","V.FOSJUN_02","JUN","ITGB8"
"769","V.FOSJUN_02","JUN","CKAP5"
"770","V.FOSJUN_02","JUN","KLHL12"
"771","V.FOSJUN_02","JUN","RFWD2"
"772","V.FOSJUN_02","JUN","CD55"
"773","V.FOSJUN_02","JUN","EVL"
"774","V.FOSJUN_02","JUN","TGFB1"
"775","V.FOSJUN_02","JUN","MAPT"
"776","V.FOSJUN_02","JUN","SH3YL1"
"777","V.FOSJUN_02","JUN","ADAM9"
"778","V.FOSJUN_02","JUN","LIMK2"
"779","V.FOSJUN_02","JUN","S100A2"
"780","V.FOSJUN_02","JUN","TGFA"
"781","V.FOSJUN_02","JUN","DNAJB2"
"782","V.FOSJUN_02","JUN","IL7R"
"783","V.FOSJUN_02","JUN","HUWE1"
"784","V.FOSJUN_02","JUN","PLK1"
"785","V.FOSJUN_02","JUN","SNRPA"
"786","V.FOSJUN_02","JUN","TPX2"
"787","V.FOSJUN_02","JUN","GSN"
"788","V.FOSJUN_02","JUN","BGN"
"789","V.FOSJUN_02","JUN","MEX3B"
"790","V.FOSJUN_02","JUN","ANXA1"
"791","V.FOSJUN_02","JUN","TNIK"
"792","V.FOSJUN_02","JUN","CXXC5"
"793","V.FOSJUN_02","JUN","PTPRA"
"794","V.FOSJUN_02","JUN","TNK2"
"795","V.FOSJUN_02","JUN","BACE1"
"796","V.FOSJUN_02","JUN","LTBP3"
"797","V.FOSJUN_02","JUN","IGF1R"
"798","V.FOSJUN_02","JUN","ATF3"
"799","V.FOSJUN_02","JUN","MAPK13"
"800","V.FOSJUN_02","JUN","AURKA"
"801","V.FOSJUN_02","JUN","COL13A1"
"802","V.FOSJUN_02","JUN","SNAP29"
"803","V.FOSJUN_02","JUN","TOP2A"
"804","V.FOSJUN_02","JUN","FBLN1"
"805","V.FOSJUN_02","JUN","NDC80"
"806","V.FOSJUN_02","JUN","NUF2"
"807","V.FOSJUN_02","JUN","SMAD4"
"808","V.FOSJUN_02","JUN","TPR"
"809","V.FOSJUN_02","JUN","TAF1B"
"810","V.FOSJUN_02","JUN","BUB1"
"811","V.FOSJUN_02","JUN","PAG1"
"812","V.FOSJUN_02","JUN","FN1"
"813","V.FOSJUN_02","JUN","SRPK1"
"814","V.FOSJUN_02","JUN","TRIOBP"
"815","V.FOSJUN_02","FOS","RRM2B"
"816","V.FOSJUN_02","FOS","TBL1X"
"817","V.FOSJUN_02","FOS","PIAS3"
"818","V.FOSJUN_02","FOS","TACC1"
"819","V.FOSJUN_02","FOS","IL4R"
"820","V.FOSJUN_02","FOS","SERPINA1"
"821","V.FOSJUN_02","FOS","RHOD"
"822","V.FOSJUN_02","FOS","CDC20"
"823","V.FOSJUN_02","FOS","SHC1"
"824","V.FOSJUN_02","FOS","ICAM1"
"825","V.FOSJUN_02","FOS","KAT2A"
"826","V.FOSJUN_02","FOS","VIM"
"827","V.FOSJUN_02","FOS","TP53"
"828","V.FOSJUN_02","FOS","FGF13"
"829","V.FOSJUN_02","FOS","RASGRF1"
"830","V.FOSJUN_02","FOS","STX6"
"831","V.FOSJUN_02","FOS","HMGB2"
"832","V.FOSJUN_02","FOS","TRIM33"
"833","V.FOSJUN_02","FOS","ITGB8"
"834","V.FOSJUN_02","FOS","CKAP5"
"835","V.FOSJUN_02","FOS","KLHL12"
"836","V.FOSJUN_02","FOS","RFWD2"
"837","V.FOSJUN_02","FOS","CD55"
"838","V.FOSJUN_02","FOS","EVL"
"839","V.FOSJUN_02","FOS","TGFB1"
"840","V.FOSJUN_02","FOS","MAPT"
"841","V.FOSJUN_02","FOS","SH3YL1"
"842","V.FOSJUN_02","FOS","ADAM9"
"843","V.FOSJUN_02","FOS","LIMK2"
"844","V.FOSJUN_02","FOS","S100A2"
"845","V.FOSJUN_02","FOS","TGFA"
"846","V.FOSJUN_02","FOS","DNAJB2"
"847","V.FOSJUN_02","FOS","IL7R"
"848","V.FOSJUN_02","FOS","HUWE1"
"849","V.FOSJUN_02","FOS","PLK1"
"850","V.FOSJUN_02","FOS","SNRPA"
"851","V.FOSJUN_02","FOS","TPX2"
"852","V.FOSJUN_02","FOS","GSN"
"853","V.FOSJUN_02","FOS","BGN"
"854","V.FOSJUN_02","FOS","MEX3B"
"855","V.FOSJUN_02","FOS","ANXA1"
"856","V.FOSJUN_02","FOS","TNIK"
"857","V.FOSJUN_02","FOS","CXXC5"
"858","V.FOSJUN_02","FOS","PTPRA"
"859","V.FOSJUN_02","FOS","TNK2"
"860","V.FOSJUN_02","FOS","BACE1"
"861","V.FOSJUN_02","FOS","LTBP3"
"862","V.FOSJUN_02","FOS","IGF1R"
"863","V.FOSJUN_02","FOS","ATF3"
"864","V.FOSJUN_02","FOS","MAPK13"
"865","V.FOSJUN_02","FOS","AURKA"
"866","V.FOSJUN_02","FOS","COL13A1"
"867","V.FOSJUN_02","FOS","SNAP29"
"868","V.FOSJUN_02","FOS","TOP2A"
"869","V.FOSJUN_02","FOS","FBLN1"
"870","V.FOSJUN_02","FOS","NDC80"
"871","V.FOSJUN_02","FOS","NUF2"
"872","V.FOSJUN_02","FOS","SMAD4"
"873","V.FOSJUN_02","FOS","TPR"
"874","V.FOSJUN_02","FOS","TAF1B"
"875","V.FOSJUN_02","FOS","BUB1"
"876","V.FOSJUN_02","FOS","PAG1"
"877","V.FOSJUN_02","FOS","FN1"
"878","V.FOSJUN_02","FOS","SRPK1"
"879","V.FOSJUN_02","FOS","TRIOBP"
"880","V.FOXM1_01","FOXM1","BGN"
"881","V.FOXM1_01","FOXM1","ANXA1"
"882","V.FOXM1_01","FOXM1","NUF2"
"883","V.FOXM1_01","FOXM1","TNK2"
"884","V.FOXM1_01","FOXM1","TP53"
"885","V.FOXM1_01","FOXM1","RRM2B"
"886","V.FOXM1_01","FOXM1","BACE1"
"887","V.FOXM1_01","FOXM1","HUWE1"
"888","V.FOXM1_01","FOXM1","NMT2"
"889","V.FOXM1_01","FOXM1","ITGB8"
"890","V.FOXM1_01","FOXM1","STX6"
"891","V.FOXM1_01","FOXM1","SELPLG"
"892","V.FOXM1_01","FOXM1","FBLN1"
"893","V.FOXM1_01","FOXM1","CXXC5"
"894","V.FOXM1_01","FOXM1","SHC1"
"895","V.FOXM1_01","FOXM1","TPX2"
"896","V.FOXM1_01","FOXM1","MAPT"
"897","V.FOXM1_01","FOXM1","TOP2A"
"898","V.FOXM1_01","FOXM1","COL13A1"
"899","V.FOXM1_01","FOXM1","LIMK2"
"900","V.FOXM1_01","FOXM1","SRPK1"
"901","V.FOXM1_01","FOXM1","ICAM1"
"902","V.FOXM1_01","FOXM1","GSN"
"903","V.FOXM1_Q3","FOXM1","BGN"
"904","V.FOXM1_Q3","FOXM1","ATF3"
"905","V.FOXM1_Q3","FOXM1","RRM2B"
"906","V.FOXM1_Q3","FOXM1","TPR"
"907","V.FOXM1_Q3","FOXM1","PIAS3"
"908","V.FOXM1_Q3","FOXM1","FGF13"
"909","V.FOXM1_Q3","FOXM1","SELPLG"
"910","V.FOXM1_Q3","FOXM1","TP53"
"911","V.FOXM1_Q3","FOXM1","TAF12"
"912","V.FOXM1_Q3","FOXM1","CKAP5"
"913","V.FOXM1_Q3","FOXM1","ARID3A"
"914","V.FOXM1_Q3","FOXM1","NUF2"
"915","V.FOXM1_Q3","FOXM1","PTPRA"
"916","V.FOXM1_Q3","FOXM1","HUWE1"
"917","V.FOXM1_Q3","FOXM1","S100A2"
"918","V.HAND1E47_01","TCF3","SNRPA"
"919","V.HAND1E47_01","TCF3","TNIK"
"920","V.HAND1E47_01","TCF3","IGF1R"
"921","V.HAND1E47_01","TCF3","RASGRF1"
"922","V.HAND1E47_01","TCF3","AURKA"
"923","V.HAND1E47_01","TCF3","SMAD4"
"924","V.HAND1E47_01","TCF3","TPX2"
"925","V.HAND1E47_01","TCF3","BACE1"
"926","V.HAND1E47_01","TCF3","TGFB1"
"927","V.HAND1E47_01","TCF3","SRPK1"
"928","V.HAND1E47_01","TCF3","CKAP5"
"929","V.HAND1E47_01","TCF3","MAPK13"
"930","V.HAND1E47_01","TCF3","MAPT"
"931","V.HAND1E47_01","TCF3","EGFR"
"932","V.HAND1E47_01","TCF3","LIMK2"
"933","V.HAND1E47_01","TCF3","LRP1"
"934","V.HAND1E47_01","TCF3","FBLN1"
"935","V.HAND1E47_01","TCF3","NUF2"
"936","V.HAND1E47_01","TCF3","MOCOS"
"937","V.HAND1E47_01","TCF3","PLK1"
"938","V.HAND1E47_01","TCF3","STX6"
"939","V.HAND1E47_01","TCF3","RRM2B"
"940","V.HAND1E47_01","TCF3","CDC20"
"941","V.HAND1E47_01","TCF3","BGN"
"942","V.HAND1E47_01","TCF3","HMGA2"
"943","V.HAND1E47_01","TCF3","BUB1"
"944","V.HAND1E47_01","TCF3","SERPINA1"
"945","V.HAND1E47_01","TCF3","ADAM9"
"946","V.HAND1E47_01","TCF3","SNAP29"
"947","V.HAND1E47_01","TCF3","TAF1B"
"948","V.HAND1E47_01","TCF3","PKIA"
"949","V.HAND1E47_01","TCF3","HUWE1"
"950","V.HAND1E47_01","TCF3","TGFA"
"951","V.HAND1E47_01","TCF3","FGF13"
"952","V.HAND1E47_01","TCF3","RHOD"
"953","V.HAND1E47_01","TCF3","VIM"
"954","V.HAND1E47_01","TCF3","PIAS3"
"955","V.HAND1E47_01","TCF3","BIRC6"
"956","V.HAND1E47_01","TCF3","PTPRA"
"957","V.HAND1E47_01","TCF3","RFWD2"
"958","V.HAND1E47_01","TCF3","MEX3B"
"959","V.HAND1E47_01","TCF3","FN1"
"960","V.HAND1E47_01","TCF3","CD55"
"961","V.HAND1E47_01","TCF3","NMT2"
"962","V.HAND1E47_01","TCF3","KLHL12"
"963","V.HAND1E47_01","TCF3","ICAM1"
"964","V.HAND1E47_01","TCF3","SELPLG"
"965","V.HAND1E47_01","TCF3","TRIOBP"
"966","V.HAND1E47_01","TCF3","IL7R"
"967","V.HAND1E47_01","TCF3","TAF12"
"968","V.HAND1E47_01","TCF3","ANXA1"
"969","V.HAND1E47_01","TCF3","CABLES2"
"970","V.HAND1E47_01","TCF3","ARID3A"
"971","V.HAND1E47_01","TCF3","TPR"
"972","V.HAND1E47_01","TCF3","TBL1X"
"973","V.HAND1E47_01","TCF3","EVL"
"974","V.HAND1E47_01","TCF3","PAG1"
"975","V.HAND1E47_01","TCF3","TNK2"
"976","V.HAND1E47_01","TCF3","HMGB2"
"977","V.HAND1E47_01","TCF3","MAD2L2"
"978","V.HAND1E47_01","TCF3","IL4R"
"979","V.HAND1E47_01","TCF3","ATF3"
"980","V.HAND1E47_01","TCF3","DNAJB2"
"981","V.HAND1E47_01","TCF3","SKIL"
"982","V.HAND1E47_01","TCF3","CXXC5"
"983","V.HAND1E47_01","TCF3","GSN"
"984","V.HAND1E47_01","TCF3","LTBP3"
"985","V.HAND1E47_01","TCF3","KAT2A"
"986","V.HAND1E47_01","TCF3","NDC80"
"987","V.HAND1E47_01","TCF3","TACC1"
"988","V.HAND1E47_01","TCF3","COL13A1"
"989","V.HAND1E47_01","TCF3","ITGB8"
"990","V.HAND1E47_01","TCF3","S100A2"
"991","V.HAND1E47_01","TCF3","ROCK1"
"992","V.HAND1E47_01","TCF3","TRIM33"
"993","V.HAND1E47_01","TCF3","TOP2A"
"994","V.HAND1E47_01","TCF3","FYN"
"995","V.HAND1E47_01","TCF3","TP53"
"996","V.HAND1E47_01","TCF3","SH3YL1"
"997","V.HAND1E47_01","TCF3","SHC1"
"998","V.HOXB2TCF3_01","TCF3","SRPK1"
"999","V.HOXB2TCF3_01","TCF3","SMAD4"
"1000","V.HOXB2TCF3_01","TCF3","LIMK2"
"1001","V.HOXB2TCF3_01","TCF3","MAPK13"
"1002","V.HOXB2TCF3_01","TCF3","FBLN1"
"1003","V.HOXB2TCF3_01","TCF3","AURKA"
"1004","V.HOXB2TCF3_01","TCF3","TNK2"
"1005","V.HOXB2TCF3_01","TCF3","RASGRF1"
"1006","V.HOXB2TCF3_01","TCF3","TAF1B"
"1007","V.HOXB2TCF3_01","TCF3","VIM"
"1008","V.HOXB2TCF3_01","TCF3","BGN"
"1009","V.HOXB2TCF3_01","TCF3","GSN"
"1010","V.HOXB2TCF3_01","TCF3","MAD2L2"
"1011","V.HOXB2TCF3_01","TCF3","HMGA2"
"1012","V.HOXB2TCF3_01","TCF3","TRIOBP"
"1013","V.HOXB2TCF3_01","TCF3","SELPLG"
"1014","V.HOXB2TCF3_01","TCF3","SERPINA1"
"1015","V.HOXB2TCF3_01","TCF3","KLHL12"
"1016","V.HOXB2TCF3_01","TCF3","EVL"
"1017","V.HOXB2TCF3_01","TCF3","FGF13"
"1018","V.HOXB2TCF3_01","TCF3","RHOD"
"1019","V.HOXB2TCF3_01","TCF3","CD55"
"1020","V.HOXB2TCF3_01","TCF3","TGFA"
"1021","V.HOXB2TCF3_01","TCF3","RRM2B"
"1022","V.HOXB2TCF3_01","TCF3","TPR"
"1023","V.HOXB2TCF3_01","TCF3","PTPRA"
"1024","V.HOXB2TCF3_01","TCF3","CABLES2"
"1025","V.HOXB2TCF3_01","TCF3","LTBP3"
"1026","V.HOXB2TCF3_01","TCF3","SNAP29"
"1027","V.HOXB2TCF3_01","TCF3","KAT2A"
"1028","V.HOXB2TCF3_01","TCF3","COL13A1"
"1029","V.HOXB2TCF3_01","TCF3","PAG1"
"1030","V.HOXB2TCF3_01","TCF3","FN1"
"1031","V.HOXB2TCF3_01","TCF3","ICAM1"
"1032","V.HOXB2TCF3_01","TCF3","RFWD2"
"1033","V.HOXB2TCF3_01","TCF3","CDC20"
"1034","V.HOXB2TCF3_01","TCF3","BACE1"
"1035","V.HOXB2TCF3_01","TCF3","PIAS3"
"1036","V.HOXB2TCF3_01","TCF3","DNAJB2"
"1037","V.HOXB2TCF3_01","TCF3","CKAP5"
"1038","V.HOXB2TCF3_01","TCF3","IL7R"
"1039","V.HOXB2TCF3_01","TCF3","TBL1X"
"1040","V.HOXB2TCF3_01","TCF3","ROCK1"
"1041","V.HOXB2TCF3_01","TCF3","CXXC5"
"1042","V.HOXB2TCF3_01","TCF3","SNRPA"
"1043","V.HOXB2TCF3_01","TCF3","HUWE1"
"1044","V.HOXB2TCF3_01","TCF3","NDC80"
"1045","V.HOXB2TCF3_01","TCF3","TGFB1"
"1046","V.HOXB2TCF3_01","TCF3","TP53"
"1047","V.HOXB2TCF3_01","TCF3","STX6"
"1048","V.HOXB2TCF3_01","TCF3","PLK1"
"1049","V.HOXB2TCF3_01","TCF3","BIRC6"
"1050","V.HOXB2TCF3_01","TCF3","SH3YL1"
"1051","V.HOXB2TCF3_01","TCF3","IL4R"
"1052","V.HOXB2TCF3_01","TCF3","S100A2"
"1053","V.HOXB2TCF3_01","TCF3","ITGB8"
"1054","V.HOXB2TCF3_01","TCF3","ANXA1"
"1055","V.HOXB2TCF3_01","TCF3","TAF12"
"1056","V.HOXB2TCF3_01","TCF3","BUB1"
"1057","V.HOXB2TCF3_01","TCF3","MEX3B"
"1058","V.JUN_03","JUN","ATF3"
"1059","V.JUN_03","JUN","S100A2"
"1060","V.JUN_03","JUN","NDC80"
"1061","V.JUN_03","JUN","RFWD2"
"1062","V.JUN_03","JUN","SMAD4"
"1063","V.JUN_03","JUN","ITGB8"
"1064","V.JUN_03","JUN","TPR"
"1065","V.JUN_03","JUN","TBL1X"
"1066","V.JUN_03","JUN","SH3YL1"
"1067","V.JUN_04","JUN","VIM"
"1068","V.JUN_04","JUN","SERPINA1"
"1069","V.JUN_04","JUN","ATF3"
"1070","V.JUN_04","JUN","ICAM1"
"1071","V.JUN_04","JUN","KLHL12"
"1072","V.JUN_04","JUN","BGN"
"1073","V.JUN_04","JUN","FN1"
"1074","V.JUN_04","JUN","CD55"
"1075","V.JUN_04","JUN","TNK2"
"1076","V.JUN_04","JUN","STX6"
"1077","V.JUN_04","JUN","SNRPA"
"1078","V.JUN_04","JUN","TACC1"
"1079","V.JUN_04","JUN","PIAS3"
"1080","V.JUN_04","JUN","TPX2"
"1081","V.JUN_04","JUN","MAPT"
"1082","V.JUN_04","JUN","IL7R"
"1083","V.JUN_04","JUN","KAT2A"
"1084","V.JUN_04","JUN","TBL1X"
"1085","V.JUN_04","JUN","EVL"
"1086","V.JUN_04","JUN","MAPK13"
"1087","V.JUN_04","JUN","TPR"
"1088","V.JUN_04","JUN","RHOD"
"1089","V.JUN_04","JUN","COL13A1"
"1090","V.JUN_04","JUN","RRM2B"
"1091","V.JUN_04","JUN","TGFA"
"1092","V.JUN_04","JUN","CKAP5"
"1093","V.JUN_04","JUN","LIMK2"
"1094","V.JUN_04","JUN","PTPRA"
"1095","V.JUN_04","JUN","IGF1R"
"1096","V.JUN_04","JUN","ITGB8"
"1097","V.JUN_04","JUN","LTBP3"
"1098","V.JUN_04","JUN","S100A2"
"1099","V.JUN_04","JUN","NUF2"
"1100","V.JUN_04","JUN","HUWE1"
"1101","V.JUN_04","JUN","TNIK"
"1102","V.JUN_04","JUN","TAF1B"
"1103","V.JUN_04","JUN","DNAJB2"
"1104","V.JUN_04","JUN","FBLN1"
"1105","V.JUN_04","JUN","SMAD4"
"1106","V.JUN_04","JUN","ANXA1"
"1107","V.JUN_04","JUN","SH3YL1"
"1108","V.JUN_04","JUN","NDC80"
"1109","V.JUN_04","JUN","MEX3B"
"1110","V.JUN_04","JUN","IL4R"
"1111","V.JUN_04","JUN","SRPK1"
"1112","V.JUN_04","JUN","TGFB1"
"1113","V.JUN_04","JUN","FGF13"
"1114","V.JUN_04","JUN","PLK1"
"1115","V.JUN_04","JUN","BACE1"
"1116","V.JUN_04","JUN","GSN"
"1117","V.JUN_04","JUN","TRIOBP"
"1118","V.JUN_06","JUN","MAPK13"
"1119","V.JUN_06","JUN","MAPT"
"1120","V.JUN_06","JUN","DNAJB2"
"1121","V.JUN_06","JUN","ATF3"
"1122","V.JUN_06","JUN","PTPRA"
"1123","V.JUN_06","JUN","TPX2"
"1124","V.JUN_06","JUN","COL13A1"
"1125","V.JUN_06","JUN","NUF2"
"1126","V.JUN_06","JUN","TBL1X"
"1127","V.JUN_06","JUN","MEX3B"
"1128","V.JUN_06","JUN","LTBP3"
"1129","V.JUN_06","JUN","TGFB1"
"1130","V.JUN_06","JUN","SNRPA"
"1131","V.JUN_06","JUN","SRPK1"
"1132","V.JUN_06","JUN","RRM2B"
"1133","V.JUN_06","JUN","SH3YL1"
"1134","V.JUN_06","JUN","ANXA1"
"1135","V.JUN_06","JUN","VIM"
"1136","V.JUN_06","JUN","KAT2A"
"1137","V.JUN_06","JUN","CD55"
"1138","V.JUN_06","JUN","GSN"
"1139","V.JUN_06","JUN","S100A2"
"1140","V.JUN_06","JUN","SERPINA1"
"1141","V.JUN_06","JUN","IL4R"
"1142","V.JUN_06","JUN","FBLN1"
"1143","V.JUN_06","JUN","TAF1B"
"1144","V.JUN_06","JUN","FGF13"
"1145","V.JUN_06","JUN","TNIK"
"1146","V.JUN_06","JUN","LIMK2"
"1147","V.JUN_06","JUN","SMAD4"
"1148","V.JUN_06","JUN","RASGRF1"
"1149","V.JUN_06","JUN","IL7R"
"1150","V.JUN_06","JUN","TPR"
"1151","V.JUN_06","JUN","TRIOBP"
"1152","V.JUN_06","JUN","KLHL12"
"1153","V.JUN_06","JUN","TNK2"
"1154","V.JUN_06","JUN","ITGB8"
"1155","V.JUN_08","JUN","S100A2"
"1156","V.JUN_08","JUN","PTPRA"
"1157","V.JUN_08","JUN","SNRPA"
"1158","V.JUN_08","JUN","NUF2"
"1159","V.JUN_08","JUN","STX6"
"1160","V.JUN_08","JUN","LTBP3"
"1161","V.JUN_08","JUN","SMAD4"
"1162","V.JUN_08","JUN","DNAJB2"
"1163","V.JUN_08","JUN","IL4R"
"1164","V.JUN_08","JUN","TRIOBP"
"1165","V.JUN_08","JUN","SH3YL1"
"1166","V.JUN_08","JUN","MAPK13"
"1167","V.JUN_08","JUN","SERPINA1"
"1168","V.JUN_08","JUN","ICAM1"
"1169","V.JUN_08","JUN","TPR"
"1170","V.JUN_08","JUN","TNIK"
"1171","V.JUN_08","JUN","TGFB1"
"1172","V.JUN_08","JUN","IL7R"
"1173","V.JUN_08","JUN","SRPK1"
"1174","V.JUN_08","JUN","ITGB8"
"1175","V.JUN_09","JUN","LTBP3"
"1176","V.JUN_09","JUN","MAPK13"
"1177","V.JUN_09","JUN","SERPINA1"
"1178","V.JUN_09","JUN","IL7R"
"1179","V.JUNBFOS_01","FOS","IGF1R"
"1180","V.JUNBFOS_01","FOS","AURKA"
"1181","V.JUNBFOS_01","FOS","VIM"
"1182","V.JUNBFOS_01","FOS","FGF13"
"1183","V.JUNBFOS_01","FOS","MAPK13"
"1184","V.JUNBFOS_01","FOS","CD55"
"1185","V.JUNBFOS_01","FOS","ATF3"
"1186","V.JUNBFOS_01","FOS","TAF1B"
"1187","V.JUNBFOS_01","FOS","TBL1X"
"1188","V.JUNBFOS_01","FOS","MEX3B"
"1189","V.JUNBFOS_01","FOS","KAT2A"
"1190","V.JUNBFOS_01","FOS","LIMK2"
"1191","V.JUNBFOS_01","FOS","IL4R"
"1192","V.JUNBFOS_01","FOS","TPR"
"1193","V.JUNBFOS_01","FOS","SNRPA"
"1194","V.JUNBFOS_01","FOS","RASGRF1"
"1195","V.JUNBFOS_01","FOS","BACE1"
"1196","V.JUNBFOS_01","FOS","COL13A1"
"1197","V.JUNBFOS_01","FOS","S100A2"
"1198","V.JUNBFOS_01","FOS","SERPINA1"
"1199","V.JUNBFOS_01","FOS","TGFA"
"1200","V.JUNBFOS_01","FOS","KLHL12"
"1201","V.JUNBFOS_01","FOS","IL7R"
"1202","V.JUNBFOS_01","FOS","ITGB8"
"1203","V.JUNBFOS_01","FOS","PTPRA"
"1204","V.JUNBFOS_01","FOS","MAPT"
"1205","V.JUNBFOS_01","FOS","DNAJB2"
"1206","V.JUNBFOS_01","FOS","TACC1"
"1207","V.JUNBFOS_01","FOS","NUF2"
"1208","V.JUNBFOS_01","FOS","SH3YL1"
"1209","V.JUNBFOS_01","FOS","ICAM1"
"1210","V.JUNBFOS_01","FOS","RHOD"
"1211","V.JUNBFOS_01","FOS","TP53"
"1212","V.JUNBFOS_01","FOS","RRM2B"
"1213","V.JUNBFOS_01","FOS","SRPK1"
"1214","V.JUNBFOS_01","FOS","TRIOBP"
"1215","V.JUNBFOS_01","FOS","SMAD4"
"1216","V.JUNBFOS_01","FOS","STX6"
"1217","V.JUNBFOS_01","FOS","LTBP3"
"1218","V.JUNBFOS_01","FOS","EVL"
"1219","V.JUNBFOS_01","FOS","FBLN1"
"1220","V.JUNBFOS_01","FOS","TNK2"
"1221","V.JUNBFOS_01","FOS","TNIK"
"1222","V.JUNBFOS_01","FOS","TGFB1"
"1223","V.JUNBFOS_01","FOS","ANXA1"
"1224","V.JUNBFOS_01","FOS","NDC80"
"1225","V.JUNBFOS_01","FOS","GSN"
"1226","V.JUNBFOS_01","FOS","CKAP5"
"1227","V.JUNBJUN_01","JUN","NDC80"
"1228","V.JUNBJUN_01","JUN","IGF1R"
"1229","V.JUNBJUN_01","JUN","FN1"
"1230","V.JUNBJUN_01","JUN","HMGB2"
"1231","V.JUNBJUN_01","JUN","BIRC6"
"1232","V.JUNBJUN_01","JUN","BGN"
"1233","V.JUNBJUN_01","JUN","SHC1"
"1234","V.JUNBJUN_01","JUN","SH3YL1"
"1235","V.JUNBJUN_01","JUN","FYN"
"1236","V.JUNBJUN_01","JUN","PLK1"
"1237","V.JUNBJUN_01","JUN","ANXA1"
"1238","V.JUNBJUN_01","JUN","VIM"
"1239","V.JUNBJUN_01","JUN","COL13A1"
"1240","V.JUNBJUN_01","JUN","TOP2A"
"1241","V.JUNBJUN_01","JUN","MEX3B"
"1242","V.JUNBJUN_01","JUN","ATF3"
"1243","V.JUNBJUN_01","JUN","IL7R"
"1244","V.JUNBJUN_01","JUN","CD55"
"1245","V.JUNBJUN_01","JUN","RFWD2"
"1246","V.JUNBJUN_01","JUN","SNAP29"
"1247","V.JUNBJUN_01","JUN","GSN"
"1248","V.JUNBJUN_01","JUN","TBL1X"
"1249","V.JUNBJUN_01","JUN","RASGRF1"
"1250","V.JUNBJUN_01","JUN","CKAP5"
"1251","V.JUNBJUN_01","JUN","TACC1"
"1252","V.JUNBJUN_01","JUN","AURKA"
"1253","V.JUNBJUN_01","JUN","SERPINA1"
"1254","V.JUNBJUN_01","JUN","TPR"
"1255","V.JUNBJUN_01","JUN","TAF1B"
"1256","V.JUNBJUN_01","JUN","SELPLG"
"1257","V.JUNBJUN_01","JUN","PAG1"
"1258","V.JUNBJUN_01","JUN","LTBP3"
"1259","V.JUNBJUN_01","JUN","PKIA"
"1260","V.JUNBJUN_01","JUN","TNK2"
"1261","V.JUNBJUN_01","JUN","TP53"
"1262","V.JUNBJUN_01","JUN","HMGA2"
"1263","V.JUNBJUN_01","JUN","TGFB1"
"1264","V.JUNBJUN_01","JUN","TNIK"
"1265","V.JUNBJUN_01","JUN","IL4R"
"1266","V.JUNBJUN_01","JUN","TRIM33"
"1267","V.JUNBJUN_01","JUN","CABLES2"
"1268","V.JUNBJUN_01","JUN","MAPT"
"1269","V.JUNBJUN_01","JUN","KAT2A"
"1270","V.JUNBJUN_01","JUN","TRIOBP"
"1271","V.JUNBJUN_01","JUN","BUB1"
"1272","V.JUNBJUN_01","JUN","RHOD"
"1273","V.JUNBJUN_01","JUN","MAPK13"
"1274","V.JUNBJUN_01","JUN","ADAM9"
"1275","V.JUNBJUN_01","JUN","CDC20"
"1276","V.JUNBJUN_01","JUN","PIAS3"
"1277","V.JUNBJUN_01","JUN","KLHL12"
"1278","V.JUNBJUN_01","JUN","LIMK2"
"1279","V.JUNBJUN_01","JUN","RRM2B"
"1280","V.JUNBJUN_01","JUN","FGF13"
"1281","V.JUNBJUN_01","JUN","MOCOS"
"1282","V.JUNBJUN_01","JUN","CXXC5"
"1283","V.JUNBJUN_01","JUN","S100A2"
"1284","V.JUNBJUN_01","JUN","ICAM1"
"1285","V.JUNBJUN_01","JUN","ITGB8"
"1286","V.JUNBJUN_01","JUN","PTPRA"
"1287","V.JUNBJUN_01","JUN","HUWE1"
"1288","V.JUNBJUN_01","JUN","SRPK1"
"1289","V.JUNBJUN_01","JUN","DNAJB2"
"1290","V.JUNBJUN_01","JUN","SNRPA"
"1291","V.JUNBJUN_01","JUN","TGFA"
"1292","V.JUNBJUN_01","JUN","SMAD4"
"1293","V.JUNBJUN_01","JUN","STX6"
"1294","V.JUNBJUN_01","JUN","FBLN1"
"1295","V.JUNBJUN_01","JUN","NUF2"
"1296","V.JUNBJUN_01","JUN","BACE1"
"1297","V.JUNDFOS_01","FOS","COL13A1"
"1298","V.JUNDFOS_01","FOS","CD55"
"1299","V.JUNDFOS_01","FOS","MEX3B"
"1300","V.JUNDFOS_01","FOS","PTPRA"
"1301","V.JUNDFOS_01","FOS","ANXA1"
"1302","V.JUNDFOS_01","FOS","TPX2"
"1303","V.JUNDFOS_01","FOS","AURKA"
"1304","V.JUNDFOS_01","FOS","ATF3"
"1305","V.JUNDFOS_01","FOS","VIM"
"1306","V.JUNDFOS_01","FOS","IGF1R"
"1307","V.JUNDFOS_01","FOS","SERPINA1"
"1308","V.JUNDFOS_01","FOS","IL7R"
"1309","V.JUNDFOS_01","FOS","TGFB1"
"1310","V.JUNDFOS_01","FOS","TGFA"
"1311","V.JUNDFOS_01","FOS","SH3YL1"
"1312","V.JUNDFOS_01","FOS","TP53"
"1313","V.JUNDFOS_01","FOS","ITGB8"
"1314","V.JUNDFOS_01","FOS","ADAM9"
"1315","V.JUNDFOS_01","FOS","TAF1B"
"1316","V.JUNDFOS_01","FOS","TPR"
"1317","V.JUNDFOS_01","FOS","MOCOS"
"1318","V.JUNDFOS_01","FOS","LRP1"
"1319","V.JUNDFOS_01","FOS","KAT2A"
"1320","V.JUNDFOS_01","FOS","MAPK13"
"1321","V.JUNDFOS_01","FOS","SRPK1"
"1322","V.JUNDFOS_01","FOS","TNK2"
"1323","V.JUNDFOS_01","FOS","CDC20"
"1324","V.JUNDFOS_01","FOS","FGF13"
"1325","V.JUNDFOS_01","FOS","TOP2A"
"1326","V.JUNDFOS_01","FOS","SHC1"
"1327","V.JUNDFOS_01","FOS","RRM2B"
"1328","V.JUNDFOS_01","FOS","BACE1"
"1329","V.JUNDFOS_01","FOS","TBL1X"
"1330","V.JUNDFOS_01","FOS","MAPT"
"1331","V.JUNDFOS_01","FOS","S100A2"
"1332","V.JUNDFOS_01","FOS","FN1"
"1333","V.JUNDFOS_01","FOS","ICAM1"
"1334","V.JUNDFOS_01","FOS","LTBP3"
"1335","V.JUNDFOS_01","FOS","DNAJB2"
"1336","V.JUNDFOS_01","FOS","CXXC5"
"1337","V.JUNDFOS_01","FOS","SMAD4"
"1338","V.JUNDFOS_01","FOS","PIAS3"
"1339","V.JUNDFOS_01","FOS","PLK1"
"1340","V.JUNDFOS_01","FOS","SNRPA"
"1341","V.JUNDFOS_01","FOS","TACC1"
"1342","V.JUNDFOS_01","FOS","TRIM33"
"1343","V.JUNDFOS_01","FOS","IL4R"
"1344","V.JUNDFOS_01","FOS","CKAP5"
"1345","V.JUNDFOS_01","FOS","RASGRF1"
"1346","V.JUNDFOS_01","FOS","BUB1"
"1347","V.JUNDFOS_01","FOS","BGN"
"1348","V.JUNDFOS_01","FOS","RHOD"
"1349","V.JUNDFOS_01","FOS","STX6"
"1350","V.JUNDFOS_01","FOS","NUF2"
"1351","V.JUNDFOS_01","FOS","FBLN1"
"1352","V.JUNDFOS_01","FOS","HMGB2"
"1353","V.JUNDFOS_01","FOS","RFWD2"
"1354","V.JUNDFOS_01","FOS","LIMK2"
"1355","V.JUNDFOS_01","FOS","SELPLG"
"1356","V.JUNDFOS_01","FOS","TRIOBP"
"1357","V.JUNDFOS_01","FOS","GSN"
"1358","V.JUNDFOS_01","FOS","TNIK"
"1359","V.JUNDFOS_01","FOS","NDC80"
"1360","V.JUNDFOS_01","FOS","KLHL12"
"1361","V.JUNFOSB_01","JUN","FN1"
"1362","V.JUNFOSB_01","JUN","NDC80"
"1363","V.JUNFOSB_01","JUN","MEX3B"
"1364","V.JUNFOSB_01","JUN","ATF3"
"1365","V.JUNFOSB_01","JUN","IGF1R"
"1366","V.JUNFOSB_01","JUN","CDC20"
"1367","V.JUNFOSB_01","JUN","COL13A1"
"1368","V.JUNFOSB_01","JUN","SERPINA1"
"1369","V.JUNFOSB_01","JUN","HMGA2"
"1370","V.JUNFOSB_01","JUN","TBL1X"
"1371","V.JUNFOSB_01","JUN","ITGB8"
"1372","V.JUNFOSB_01","JUN","GSN"
"1373","V.JUNFOSB_01","JUN","TAF1B"
"1374","V.JUNFOSB_01","JUN","PTPRA"
"1375","V.JUNFOSB_01","JUN","PAG1"
"1376","V.JUNFOSB_01","JUN","TP53"
"1377","V.JUNFOSB_01","JUN","TPR"
"1378","V.JUNFOSB_01","JUN","EVL"
"1379","V.JUNFOSB_01","JUN","ADAM9"
"1380","V.JUNFOSB_01","JUN","KAT2A"
"1381","V.JUNFOSB_01","JUN","TNK2"
"1382","V.JUNFOSB_01","JUN","TOP2A"
"1383","V.JUNFOSB_01","JUN","SH3YL1"
"1384","V.JUNFOSB_01","JUN","RHOD"
"1385","V.JUNFOSB_01","JUN","TACC1"
"1386","V.JUNFOSB_01","JUN","AURKA"
"1387","V.JUNFOSB_01","JUN","MOCOS"
"1388","V.JUNFOSB_01","JUN","MAPT"
"1389","V.JUNFOSB_01","JUN","FYN"
"1390","V.JUNFOSB_01","JUN","RFWD2"
"1391","V.JUNFOSB_01","JUN","LTBP3"
"1392","V.JUNFOSB_01","JUN","CXXC5"
"1393","V.JUNFOSB_01","JUN","NUF2"
"1394","V.JUNFOSB_01","JUN","KLHL12"
"1395","V.JUNFOSB_01","JUN","SRPK1"
"1396","V.JUNFOSB_01","JUN","TGFA"
"1397","V.JUNFOSB_01","JUN","LIMK2"
"1398","V.JUNFOSB_01","JUN","DNAJB2"
"1399","V.JUNFOSB_01","JUN","TPX2"
"1400","V.JUNFOSB_01","JUN","CABLES2"
"1401","V.JUNFOSB_01","JUN","SHC1"
"1402","V.JUNFOSB_01","JUN","IL4R"
"1403","V.JUNFOSB_01","JUN","S100A2"
"1404","V.JUNFOSB_01","JUN","SNRPA"
"1405","V.JUNFOSB_01","JUN","HUWE1"
"1406","V.JUNFOSB_01","JUN","BGN"
"1407","V.JUNFOSB_01","JUN","FGF13"
"1408","V.JUNFOSB_01","JUN","BIRC6"
"1409","V.JUNFOSB_01","JUN","TGFB1"
"1410","V.JUNFOSB_01","JUN","CKAP5"
"1411","V.JUNFOSB_01","JUN","BACE1"
"1412","V.JUNFOSB_01","JUN","BUB1"
"1413","V.JUNFOSB_01","JUN","ANXA1"
"1414","V.JUNFOSB_01","JUN","ARID3A"
"1415","V.JUNFOSB_01","JUN","ICAM1"
"1416","V.JUNFOSB_01","JUN","SELPLG"
"1417","V.JUNFOSB_01","JUN","SNAP29"
"1418","V.JUNFOSB_01","JUN","PIAS3"
"1419","V.JUNFOSB_01","JUN","PKIA"
"1420","V.JUNFOSB_01","JUN","RRM2B"
"1421","V.JUNFOSB_01","JUN","SMAD4"
"1422","V.JUNFOSB_01","JUN","TNIK"
"1423","V.JUNFOSB_01","JUN","STX6"
"1424","V.JUNFOSB_01","JUN","IL7R"
"1425","V.JUNFOSB_01","JUN","CD55"
"1426","V.JUNFOSB_01","JUN","FBLN1"
"1427","V.JUNFOSB_01","JUN","MAPK13"
"1428","V.JUNFOSB_01","JUN","HMGB2"
"1429","V.JUNFOSB_01","JUN","TRIM33"
"1430","V.JUNFOSB_01","JUN","TRIOBP"
"1431","V.JUNFOSB_01","JUN","PLK1"
"1432","V.JUNFOSB_01","JUN","VIM"
"1433","V.JUNFRA1_01","JUN","NDC80"
"1434","V.JUNFRA1_01","JUN","S100A2"
"1435","V.JUNFRA1_01","JUN","SERPINA1"
"1436","V.JUNFRA1_01","JUN","TPR"
"1437","V.JUNFRA1_01","JUN","KAT2A"
"1438","V.JUNFRA1_01","JUN","ADAM9"
"1439","V.JUNFRA1_01","JUN","LTBP3"
"1440","V.JUNFRA1_01","JUN","AURKA"
"1441","V.JUNFRA1_01","JUN","TGFA"
"1442","V.JUNFRA1_01","JUN","IL4R"
"1443","V.JUNFRA1_01","JUN","SNRPA"
"1444","V.JUNFRA1_01","JUN","TBL1X"
"1445","V.JUNFRA1_01","JUN","TAF1B"
"1446","V.JUNFRA1_01","JUN","ICAM1"
"1447","V.JUNFRA1_01","JUN","MEX3B"
"1448","V.JUNFRA1_01","JUN","TNIK"
"1449","V.JUNFRA1_01","JUN","RASGRF1"
"1450","V.JUNFRA1_01","JUN","TGFB1"
"1451","V.JUNFRA1_01","JUN","FN1"
"1452","V.JUNFRA1_01","JUN","CDC20"
"1453","V.JUNFRA1_01","JUN","DNAJB2"
"1454","V.JUNFRA1_01","JUN","ATF3"
"1455","V.JUNFRA1_01","JUN","MAPT"
"1456","V.JUNFRA1_01","JUN","IL7R"
"1457","V.JUNFRA1_01","JUN","MAPK13"
"1458","V.JUNFRA1_01","JUN","CD55"
"1459","V.JUNFRA1_01","JUN","FGF13"
"1460","V.JUNFRA1_01","JUN","KLHL12"
"1461","V.JUNFRA1_01","JUN","FBLN1"
"1462","V.JUNFRA1_01","JUN","TRIM33"
"1463","V.JUNFRA1_01","JUN","TNK2"
"1464","V.JUNFRA1_01","JUN","ITGB8"
"1465","V.JUNFRA1_01","JUN","SH3YL1"
"1466","V.JUNFRA1_01","JUN","TRIOBP"
"1467","V.JUNFRA1_01","JUN","PTPRA"
"1468","V.JUNFRA1_01","JUN","SHC1"
"1469","V.JUNFRA1_01","JUN","HMGB2"
"1470","V.JUNFRA1_01","JUN","PLK1"
"1471","V.JUNFRA1_01","JUN","SMAD4"
"1472","V.JUNFRA1_01","JUN","GSN"
"1473","V.JUNFRA1_01","JUN","CKAP5"
"1474","V.JUNFRA1_01","JUN","LIMK2"
"1475","V.JUNFRA1_01","JUN","COL13A1"
"1476","V.JUNFRA1_01","JUN","VIM"
"1477","V.JUNFRA1_01","JUN","TP53"
"1478","V.JUNFRA1_01","JUN","STX6"
"1479","V.JUNFRA1_01","JUN","NUF2"
"1480","V.JUNFRA1_01","JUN","CXXC5"
"1481","V.JUNFRA1_01","JUN","SRPK1"
"1482","V.JUNFRA2_01","JUN","KLHL12"
"1483","V.JUNFRA2_01","JUN","IGF1R"
"1484","V.JUNFRA2_01","JUN","VIM"
"1485","V.JUNFRA2_01","JUN","AURKA"
"1486","V.JUNFRA2_01","JUN","ATF3"
"1487","V.JUNFRA2_01","JUN","ICAM1"
"1488","V.JUNFRA2_01","JUN","IL7R"
"1489","V.JUNFRA2_01","JUN","SNRPA"
"1490","V.JUNFRA2_01","JUN","CXXC5"
"1491","V.JUNFRA2_01","JUN","RHOD"
"1492","V.JUNFRA2_01","JUN","TRIOBP"
"1493","V.JUNFRA2_01","JUN","ITGB8"
"1494","V.JUNFRA2_01","JUN","TPX2"
"1495","V.JUNFRA2_01","JUN","MOCOS"
"1496","V.JUNFRA2_01","JUN","TGFA"
"1497","V.JUNFRA2_01","JUN","FN1"
"1498","V.JUNFRA2_01","JUN","KAT2A"
"1499","V.JUNFRA2_01","JUN","SERPINA1"
"1500","V.JUNFRA2_01","JUN","FYN"
"1501","V.JUNFRA2_01","JUN","COL13A1"
"1502","V.JUNFRA2_01","JUN","BGN"
"1503","V.JUNFRA2_01","JUN","S100A2"
"1504","V.JUNFRA2_01","JUN","GSN"
"1505","V.JUNFRA2_01","JUN","FGF13"
"1506","V.JUNFRA2_01","JUN","CDC20"
"1507","V.JUNFRA2_01","JUN","HMGA2"
"1508","V.JUNFRA2_01","JUN","MAPT"
"1509","V.JUNFRA2_01","JUN","PTPRA"
"1510","V.JUNFRA2_01","JUN","LRP1"
"1511","V.JUNFRA2_01","JUN","PAG1"
"1512","V.JUNFRA2_01","JUN","LTBP3"
"1513","V.JUNFRA2_01","JUN","PKIA"
"1514","V.JUNFRA2_01","JUN","EVL"
"1515","V.JUNFRA2_01","JUN","SNAP29"
"1516","V.JUNFRA2_01","JUN","CD55"
"1517","V.JUNFRA2_01","JUN","CKAP5"
"1518","V.JUNFRA2_01","JUN","FBLN1"
"1519","V.JUNFRA2_01","JUN","BACE1"
"1520","V.JUNFRA2_01","JUN","DNAJB2"
"1521","V.JUNFRA2_01","JUN","BUB1"
"1522","V.JUNFRA2_01","JUN","LIMK2"
"1523","V.JUNFRA2_01","JUN","SH3YL1"
"1524","V.JUNFRA2_01","JUN","TBL1X"
"1525","V.JUNFRA2_01","JUN","TP53"
"1526","V.JUNFRA2_01","JUN","NDC80"
"1527","V.JUNFRA2_01","JUN","HUWE1"
"1528","V.JUNFRA2_01","JUN","HMGB2"
"1529","V.JUNFRA2_01","JUN","MAPK13"
"1530","V.JUNFRA2_01","JUN","STX6"
"1531","V.JUNFRA2_01","JUN","NUF2"
"1532","V.JUNFRA2_01","JUN","TAF1B"
"1533","V.JUNFRA2_01","JUN","TGFB1"
"1534","V.JUNFRA2_01","JUN","TACC1"
"1535","V.JUNFRA2_01","JUN","TRIM33"
"1536","V.JUNFRA2_01","JUN","RASGRF1"
"1537","V.JUNFRA2_01","JUN","ANXA1"
"1538","V.JUNFRA2_01","JUN","RFWD2"
"1539","V.JUNFRA2_01","JUN","IL4R"
"1540","V.JUNFRA2_01","JUN","RRM2B"
"1541","V.JUNFRA2_01","JUN","MEX3B"
"1542","V.JUNFRA2_01","JUN","SELPLG"
"1543","V.JUNFRA2_01","JUN","TNIK"
"1544","V.JUNFRA2_01","JUN","PIAS3"
"1545","V.JUNFRA2_01","JUN","SRPK1"
"1546","V.JUNFRA2_01","JUN","PLK1"
"1547","V.JUNFRA2_01","JUN","ROCK1"
"1548","V.JUNFRA2_01","JUN","SMAD4"
"1549","V.JUNFRA2_01","JUN","TNK2"
"1550","V.JUNFRA2_01","JUN","SHC1"
"1551","V.JUNFRA2_01","JUN","ADAM9"
"1552","V.JUNFRA2_01","JUN","TPR"
"1553","V.JUNFRA2_01","JUN","TOP2A"
"1554","V.MATH1_Q2","TCF3","AURKA"
"1555","V.MATH1_Q2","TCF3","TGFA"
"1556","V.MATH1_Q2","TCF3","MAPK13"
"1557","V.MATH1_Q2","TCF3","CXXC5"
"1558","V.MATH1_Q2","TCF3","FGF13"
"1559","V.MATH1_Q2","TCF3","MAD2L2"
"1560","V.MIZ1_01","ZBTB17","TRIM33"
"1561","V.MIZ1_01","ZBTB17","PTPRA"
"1562","V.MIZ1_01","ZBTB17","TNK2"
"1563","V.MIZ1_01","ZBTB17","ATF3"
"1564","V.MIZ1_01","ZBTB17","ADAM9"
"1565","V.MIZ1_01","ZBTB17","TP53"
"1566","V.MIZ1_01","ZBTB17","SNRPA"
"1567","V.MIZ1_01","ZBTB17","RASGRF1"
"1568","V.MIZ1_01","ZBTB17","EGFR"
"1569","V.MIZ1_01","ZBTB17","TNIK"
"1570","V.MIZ1_01","ZBTB17","TGFB1"
"1571","V.MIZ1_01","ZBTB17","TPX2"
"1572","V.MIZ1_01","ZBTB17","SELPLG"
"1573","V.MIZ1_01","ZBTB17","HMGA2"
"1574","V.MIZ1_01","ZBTB17","HUWE1"
"1575","V.MIZ1_01","ZBTB17","TRIOBP"
"1576","V.MIZ1_01","ZBTB17","NUF2"
"1577","V.MIZ1_01","ZBTB17","SHC1"
"1578","V.MIZ1_01","ZBTB17","TOP2A"
"1579","V.MIZ1_01","ZBTB17","COL13A1"
"1580","V.MIZ1_01","ZBTB17","ROCK1"
"1581","V.MIZ1_01","ZBTB17","ITGB8"
"1582","V.MIZ1_01","ZBTB17","SMAD4"
"1583","V.MIZ1_01","ZBTB17","KAT2A"
"1584","V.MIZ1_01","ZBTB17","PKIA"
"1585","V.MIZ1_01","ZBTB17","BUB1"
"1586","V.MIZ1_01","ZBTB17","NDC80"
"1587","V.MIZ1_01","ZBTB17","HMGB2"
"1588","V.MIZ1_01","ZBTB17","TAF12"
"1589","V.MIZ1_01","ZBTB17","EVL"
"1590","V.MIZ1_01","ZBTB17","STX6"
"1591","V.MIZ1_01","ZBTB17","MEX3B"
"1592","V.MIZ1_01","ZBTB17","GSN"
"1593","V.MIZ1_01","ZBTB17","RHOD"
"1594","V.MIZ1_01","ZBTB17","BIRC6"
"1595","V.MIZ1_01","ZBTB17","ARID3A"
"1596","V.MIZ1_01","ZBTB17","LRP1"
"1597","V.MIZ1_01","ZBTB17","CABLES2"
"1598","V.MIZ1_01","ZBTB17","TGFA"
"1599","V.MIZ1_01","ZBTB17","VIM"
"1600","V.MIZ1_01","ZBTB17","IL7R"
"1601","V.MIZ1_01","ZBTB17","IGF1R"
"1602","V.MIZ1_01","ZBTB17","ICAM1"
"1603","V.MIZ1_01","ZBTB17","SNAP29"
"1604","V.MIZ1_01","ZBTB17","SKIL"
"1605","V.MIZ1_01","ZBTB17","MOCOS"
"1606","V.MIZ1_01","ZBTB17","MAPK13"
"1607","V.MIZ1_01","ZBTB17","MAPT"
"1608","V.MIZ1_01","ZBTB17","CDC20"
"1609","V.MIZ1_01","ZBTB17","BACE1"
"1610","V.MIZ1_01","ZBTB17","PIAS3"
"1611","V.MIZ1_01","ZBTB17","FN1"
"1612","V.MIZ1_01","ZBTB17","CXXC5"
"1613","V.MIZ1_01","ZBTB17","TBL1X"
"1614","V.MIZ1_01","ZBTB17","LTBP3"
"1615","V.MIZ1_01","ZBTB17","IL4R"
"1616","V.MIZ1_01","ZBTB17","DNAJB2"
"1617","V.MIZ1_01","ZBTB17","SERPINA1"
"1618","V.MIZ1_01","ZBTB17","CD55"
"1619","V.MIZ1_01","ZBTB17","NMT2"
"1620","V.MIZ1_01","ZBTB17","BGN"
"1621","V.MIZ1_01","ZBTB17","FYN"
"1622","V.MIZ1_01","ZBTB17","RRM2B"
"1623","V.MIZ1_01","ZBTB17","MAD2L2"
"1624","V.MIZ1_01","ZBTB17","PAG1"
"1625","V.MIZ1_01","ZBTB17","TPR"
"1626","V.MIZ1_01","ZBTB17","RFWD2"
"1627","V.MIZ1_01","ZBTB17","LIMK2"
"1628","V.MYOD_Q6_01","TCF3","LIMK2"
"1629","V.MYOD_Q6_01","TCF3","MOCOS"
"1630","V.MYOD_Q6_01","TCF3","FBLN1"
"1631","V.MYOD_Q6_01","TCF3","CXXC5"
"1632","V.MYOD_Q6_01","TCF3","TPR"
"1633","V.MYOD_Q6_01","TCF3","BUB1"
"1634","V.MYOD_Q6_01","TCF3","RHOD"
"1635","V.MYOD_Q6_01","TCF3","TRIM33"
"1636","V.MYOD_Q6_01","TCF3","SKIL"
"1637","V.MYOD_Q6_01","TCF3","IL7R"
"1638","V.MYOD_Q6_01","TCF3","SERPINA1"
"1639","V.MYOD_Q6_01","TCF3","TGFA"
"1640","V.MYOD_Q6_01","TCF3","EVL"
"1641","V.MYOD_Q6_01","TCF3","MAD2L2"
"1642","V.MYOD_Q6_01","TCF3","PLK1"
"1643","V.NFKAPPAB_01","RELA","TGFB1"
"1644","V.NFKAPPAB_01","RELA","CABLES2"
"1645","V.NFKAPPAB_01","RELA","TNK2"
"1646","V.NFKAPPAB_01","RELA","TNIK"
"1647","V.NFKAPPAB_01","RELA","HMGB2"
"1648","V.NFKAPPAB_01","RELA","RHOD"
"1649","V.NFKAPPAB_01","RELA","ICAM1"
"1650","V.NFKAPPAB_01","RELA","NUF2"
"1651","V.NFKAPPAB_01","RELA","ARID3A"
"1652","V.NFKAPPAB_01","RELA","IL7R"
"1653","V.NFKAPPAB_01","RELA","LRP1"
"1654","V.NFKAPPAB_01","RELA","SRPK1"
"1655","V.NFKAPPAB_01","RELA","EVL"
"1656","V.NFKAPPAB_01","RELA","FGF13"
"1657","V.NFKAPPAB_01","RELA","LTBP3"
"1658","V.NFKAPPAB_01","RELA","ITGB8"
"1659","V.NFKAPPAB_01","RELA","SELPLG"
"1660","V.NFKAPPAB_01","RELA","RRM2B"
"1661","V.NFKAPPAB_01","RELA","PKIA"
"1662","V.NFKAPPAB_01","RELA","CD55"
"1663","V.NFKAPPAB_01","RELA","EGFR"
"1664","V.NFKAPPAB_01","RELA","FN1"
"1665","V.NFKAPPAB_01","RELA","HUWE1"
"1666","V.NFKAPPAB_01","RELA","PLK1"
"1667","V.NFKAPPAB_01","RELA","TBL1X"
"1668","V.NFKAPPAB_01","RELA","KAT2A"
"1669","V.NFKAPPAB_01","RELA","TPX2"
"1670","V.NFKAPPAB_01","RELA","LIMK2"
"1671","V.NFKAPPAB_01","RELA","VIM"
"1672","V.NFKAPPAB_01","RELA","TP53"
"1673","V.P50RELAP65_Q5_01","RELA","FBLN1"
"1674","V.P50RELAP65_Q5_01","RELA","COL13A1"
"1675","V.P50RELAP65_Q5_01","RELA","EGFR"
"1676","V.P50RELAP65_Q5_01","RELA","SRPK1"
"1677","V.P50RELAP65_Q5_01","RELA","ARID3A"
"1678","V.P50RELAP65_Q5_01","RELA","TNK2"
"1679","V.P50RELAP65_Q5_01","RELA","RHOD"
"1680","V.P50RELAP65_Q5_01","RELA","ICAM1"
"1681","V.P50RELAP65_Q5_01","RELA","BIRC6"
"1682","V.P50RELAP65_Q5_01","RELA","TACC1"
"1683","V.P50RELAP65_Q5_01","RELA","ROCK1"
"1684","V.P50RELAP65_Q5_01","RELA","CKAP5"
"1685","V.P50RELAP65_Q5_01","RELA","CABLES2"
"1686","V.P50RELAP65_Q5_01","RELA","NMT2"
"1687","V.P50RELAP65_Q5_01","RELA","ADAM9"
"1688","V.P50RELAP65_Q5_01","RELA","SNAP29"
"1689","V.P50RELAP65_Q5_01","RELA","IL7R"
"1690","V.P50RELAP65_Q5_01","RELA","BACE1"
"1691","V.P50RELAP65_Q5_01","RELA","MEX3B"
"1692","V.P50RELAP65_Q5_01","RELA","TGFA"
"1693","V.P50RELAP65_Q5_01","RELA","LRP1"
"1694","V.P50RELAP65_Q5_01","RELA","HMGB2"
"1695","V.P50RELAP65_Q5_01","RELA","HMGA2"
"1696","V.P50RELAP65_Q5_01","RELA","GSN"
"1697","V.P50RELAP65_Q5_01","RELA","PTPRA"
"1698","V.P50RELAP65_Q5_01","RELA","CDC20"
"1699","V.P50RELAP65_Q5_01","RELA","MAD2L2"
"1700","V.P50RELAP65_Q5_01","RELA","LTBP3"
"1701","V.P50RELAP65_Q5_01","RELA","ATF3"
"1702","V.P50RELAP65_Q5_01","RELA","IL4R"
"1703","V.P50RELAP65_Q5_01","RELA","MAPT"
"1704","V.P50RELAP65_Q5_01","RELA","FN1"
"1705","V.P50RELAP65_Q5_01","RELA","TNIK"
"1706","V.P50RELAP65_Q5_01","RELA","MAPK13"
"1707","V.P50RELAP65_Q5_01","RELA","TAF1B"
"1708","V.P50RELAP65_Q5_01","RELA","NUF2"
"1709","V.P50RELAP65_Q5_01","RELA","STX6"
"1710","V.P50RELAP65_Q5_01","RELA","TRIM33"
"1711","V.P50RELAP65_Q5_01","RELA","TAF12"
"1712","V.P50RELAP65_Q5_01","RELA","VIM"
"1713","V.P50RELAP65_Q5_01","RELA","TBL1X"
"1714","V.P50RELAP65_Q5_01","RELA","IGF1R"
"1715","V.P50RELAP65_Q5_01","RELA","KAT2A"
"1716","V.P50RELAP65_Q5_01","RELA","S100A2"
"1717","V.P50RELAP65_Q5_01","RELA","SERPINA1"
"1718","V.P50RELAP65_Q5_01","RELA","SELPLG"
"1719","V.P50RELAP65_Q5_01","RELA","CD55"
"1720","V.P50RELAP65_Q5_01","RELA","LIMK2"
"1721","V.P50RELAP65_Q5_01","RELA","FGF13"
"1722","V.P50RELAP65_Q5_01","RELA","PIAS3"
"1723","V.P50RELAP65_Q5_01","RELA","SMAD4"
"1724","V.P50RELAP65_Q5_01","RELA","TGFB1"
"1725","V.P50RELAP65_Q5_01","RELA","MOCOS"
"1726","V.P50RELAP65_Q5_01","RELA","FYN"
"1727","V.P50RELAP65_Q5_01","RELA","DNAJB2"
"1728","V.P50RELAP65_Q5_01","RELA","ITGB8"
"1729","V.P50RELAP65_Q5_01","RELA","TP53"
"1730","V.P50RELAP65_Q5_01","RELA","EVL"
"1731","V.P50RELAP65_Q5_01","RELA","SH3YL1"
"1732","V.P50RELAP65_Q5_01","RELA","SNRPA"
"1733","V.P50RELAP65_Q5_01","RELA","CXXC5"
"1734","V.P50RELAP65_Q5_01","RELA","RFWD2"
"1735","V.P50RELAP65_Q5_01","RELA","TRIOBP"
"1736","V.P50RELAP65_Q5_01","RELA","HUWE1"
"1737","V.P50RELAP65_Q5_01","RELA","SHC1"
"1738","V.P50RELAP65_Q5_01","RELA","TPX2"
"1739","V.P50RELAP65_Q5_01","RELA","SKIL"
"1740","V.P50RELAP65_Q5_01","RELA","PKIA"
"1741","V.P50RELAP65_Q5_01","RELA","BUB1"
"1742","V.P50RELAP65_Q5_01","RELA","PAG1"
"1743","V.P50RELAP65_Q5_01","RELA","PLK1"
"1744","V.P50RELAP65_Q5_01","RELA","RRM2B"
"1745","V.RELA_03","RELA","PKIA"
"1746","V.RELA_03","RELA","TOP2A"
"1747","V.RELA_03","RELA","TPX2"
"1748","V.RELA_03","RELA","KLHL12"
"1749","V.RELA_03","RELA","LRP1"
"1750","V.RELA_03","RELA","ADAM9"
"1751","V.RELA_03","RELA","TACC1"
"1752","V.RELA_03","RELA","SRPK1"
"1753","V.RELA_03","RELA","ROCK1"
"1754","V.RELA_03","RELA","CD55"
"1755","V.RELA_03","RELA","MAPT"
"1756","V.RELA_03","RELA","FN1"
"1757","V.RELA_03","RELA","STX6"
"1758","V.RELA_03","RELA","TAF12"
"1759","V.RELA_03","RELA","BIRC6"
"1760","V.RELA_03","RELA","CKAP5"
"1761","V.RELA_03","RELA","S100A2"
"1762","V.RELA_03","RELA","MAD2L2"
"1763","V.RELA_03","RELA","BACE1"
"1764","V.RELA_03","RELA","TNK2"
"1765","V.RELA_03","RELA","ARID3A"
"1766","V.RELA_03","RELA","NUF2"
"1767","V.RELA_03","RELA","PTPRA"
"1768","V.RELA_03","RELA","NDC80"
"1769","V.RELA_03","RELA","VIM"
"1770","V.RELA_03","RELA","HMGB2"
"1771","V.RELA_03","RELA","IGF1R"
"1772","V.RELA_03","RELA","MEX3B"
"1773","V.RELA_03","RELA","RASGRF1"
"1774","V.RELA_03","RELA","HMGA2"
"1775","V.RELA_03","RELA","TRIOBP"
"1776","V.RELA_03","RELA","BGN"
"1777","V.RELA_03","RELA","EVL"
"1778","V.RELA_03","RELA","NMT2"
"1779","V.RELA_03","RELA","BUB1"
"1780","V.RELA_03","RELA","LTBP3"
"1781","V.RELA_03","RELA","ICAM1"
"1782","V.RELA_03","RELA","TPR"
"1783","V.RELA_03","RELA","ATF3"
"1784","V.RELA_03","RELA","KAT2A"
"1785","V.RELA_03","RELA","IL4R"
"1786","V.RELA_03","RELA","MAPK13"
"1787","V.RELA_03","RELA","SNRPA"
"1788","V.RELA_03","RELA","CDC20"
"1789","V.RELA_03","RELA","GSN"
"1790","V.RELA_03","RELA","ITGB8"
"1791","V.RELA_03","RELA","TRIM33"
"1792","V.RELA_03","RELA","TGFB1"
"1793","V.RELA_03","RELA","RFWD2"
"1794","V.RELA_03","RELA","SKIL"
"1795","V.RELA_03","RELA","TNIK"
"1796","V.RELA_03","RELA","SNAP29"
"1797","V.RELA_03","RELA","MOCOS"
"1798","V.RELA_03","RELA","HUWE1"
"1799","V.RELA_03","RELA","SELPLG"
"1800","V.RELA_03","RELA","COL13A1"
"1801","V.RELA_03","RELA","PIAS3"
"1802","V.RELA_03","RELA","TGFA"
"1803","V.RELA_03","RELA","DNAJB2"
"1804","V.RELA_03","RELA","FBLN1"
"1805","V.RELA_03","RELA","ANXA1"
"1806","V.RELA_03","RELA","CABLES2"
"1807","V.RELA_03","RELA","LIMK2"
"1808","V.RELA_03","RELA","SH3YL1"
"1809","V.RELA_03","RELA","SHC1"
"1810","V.RELA_03","RELA","PLK1"
"1811","V.RELA_03","RELA","FGF13"
"1812","V.RELA_03","RELA","TP53"
"1813","V.RELA_03","RELA","RHOD"
"1814","V.RELA_03","RELA","FYN"
"1815","V.RELA_03","RELA","SERPINA1"
"1816","V.RELA_03","RELA","SMAD4"
"1817","V.RELA_03","RELA","CXXC5"
"1818","V.RELA_03","RELA","TAF1B"
"1819","V.RELA_03","RELA","EGFR"
"1820","V.RELA_03","RELA","PAG1"
"1821","V.RELA_03","RELA","RRM2B"
"1822","V.RELA_03","RELA","AURKA"
"1823","V.RELA_03","RELA","TBL1X"
"1824","V.RELA_03","RELA","IL7R"
"1825","V.RELA_08","RELA","ADAM9"
"1826","V.RELA_08","RELA","RHOD"
"1827","V.RELA_08","RELA","HMGB2"
"1828","V.RELA_08","RELA","HUWE1"
"1829","V.RELA_08","RELA","IL4R"
"1830","V.RELA_08","RELA","TGFB1"
"1831","V.RELA_08","RELA","ICAM1"
"1832","V.RELA_08","RELA","KAT2A"
"1833","V.RELA_08","RELA","CDC20"
"1834","V.RELA_08","RELA","CD55"
"1835","V.RELA_08","RELA","NUF2"
"1836","V.RELA_08","RELA","CABLES2"
"1837","V.RELA_08","RELA","SRPK1"
"1838","V.RELA_08","RELA","FYN"
"1839","V.RELA_08","RELA","PKIA"
"1840","V.RELA_08","RELA","VIM"
"1841","V.RELA_08","RELA","RRM2B"
"1842","V.RELA_08","RELA","LRP1"
"1843","V.RELA_08","RELA","RASGRF1"
"1844","V.RELA_08","RELA","SERPINA1"
"1845","V.RELA_08","RELA","ARID3A"
"1846","V.RELA_08","RELA","ROCK1"
"1847","V.RELA_08","RELA","RFWD2"
"1848","V.RELA_08","RELA","LTBP3"
"1849","V.RELA_08","RELA","SNRPA"
"1850","V.RELA_08","RELA","DNAJB2"
"1851","V.RELA_08","RELA","FGF13"
"1852","V.RELA_08","RELA","FN1"
"1853","V.RELA_08","RELA","SMAD4"
"1854","V.RELA_08","RELA","TPR"
"1855","V.RELA_08","RELA","MEX3B"
"1856","V.RELA_08","RELA","SELPLG"
"1857","V.RELA_08","RELA","PLK1"
"1858","V.RELA_08","RELA","BACE1"
"1859","V.RELA_08","RELA","SH3YL1"
"1860","V.RELA_08","RELA","PIAS3"
"1861","V.RELA_08","RELA","TNIK"
"1862","V.RELA_08","RELA","EGFR"
"1863","V.RELA_08","RELA","TBL1X"
"1864","V.RELA_08","RELA","IGF1R"
"1865","V.RELA_08","RELA","IL7R"
"1866","V.RELA_08","RELA","S100A2"
"1867","V.RELA_08","RELA","EVL"
"1868","V.RELA_08","RELA","TNK2"
"1869","V.RELA_08","RELA","HMGA2"
"1870","V.RELA_08","RELA","BUB1"
"1871","V.RELA_08","RELA","FBLN1"
"1872","V.RELA_08","RELA","LIMK2"
"1873","V.RELA_08","RELA","TP53"
"1874","V.RELA_08","RELA","ITGB8"
"1875","V.RELBP52_01","RELA","HMGB2"
"1876","V.RELBP52_01","RELA","TP53"
"1877","V.RELBP52_01","RELA","EGFR"
"1878","V.RELBP52_01","RELA","TBL1X"
"1879","V.RELBP52_01","RELA","SNRPA"
"1880","V.RELBP52_01","RELA","S100A2"
"1881","V.SNA_01","SNAI1","SRPK1"
"1882","V.SNA_01","SNAI1","HMGA2"
"1883","V.SNA_01","SNAI1","SNRPA"
"1884","V.SNA_01","SNAI1","EGFR"
"1885","V.SNA_01","SNAI1","CD55"
"1886","V.SNA_01","SNAI1","TOP2A"
"1887","V.SNA_01","SNAI1","BGN"
"1888","V.SNA_01","SNAI1","COL13A1"
"1889","V.SNA_01","SNAI1","CABLES2"
"1890","V.SNA_01","SNAI1","MAPK13"
"1891","V.SNA_01","SNAI1","NUF2"
"1892","V.SNA_01","SNAI1","TNK2"
"1893","V.SNA_01","SNAI1","STX6"
"1894","V.SNA_01","SNAI1","ADAM9"
"1895","V.SNA_01","SNAI1","SELPLG"
"1896","V.SNA_01","SNAI1","HUWE1"
"1897","V.SNA_01","SNAI1","MAD2L2"
"1898","V.SNA_01","SNAI1","LTBP3"
"1899","V.SNA_01","SNAI1","CDC20"
"1900","V.SNA_01","SNAI1","SERPINA1"
"1901","V.SNA_01","SNAI1","TPR"
"1902","V.SNA_01","SNAI1","PKIA"
"1903","V.SNA_01","SNAI1","ARID3A"
"1904","V.SNA_01","SNAI1","PIAS3"
"1905","V.SNA_01","SNAI1","TACC1"
"1906","V.SNA_01","SNAI1","TGFA"
"1907","V.SNA_01","SNAI1","ICAM1"
"1908","V.SNA_01","SNAI1","TAF12"
"1909","V.SNA_01","SNAI1","NDC80"
"1910","V.SNA_01","SNAI1","IGF1R"
"1911","V.SNA_01","SNAI1","KLHL12"
"1912","V.SNA_01","SNAI1","LIMK2"
"1913","V.SNA_01","SNAI1","BIRC6"
"1914","V.SNA_01","SNAI1","IL7R"
"1915","V.SNA_01","SNAI1","ITGB8"
"1916","V.SNA_01","SNAI1","CKAP5"
"1917","V.SNA_01","SNAI1","TRIOBP"
"1918","V.SNA_01","SNAI1","TBL1X"
"1919","V.SNA_01","SNAI1","ROCK1"
"1920","V.SNA_01","SNAI1","BUB1"
"1921","V.SNA_01","SNAI1","SMAD4"
"1922","V.SNA_01","SNAI1","DNAJB2"
"1923","V.SNA_01","SNAI1","RFWD2"
"1924","V.SNA_01","SNAI1","SNAP29"
"1925","V.SNA_01","SNAI1","RASGRF1"
"1926","V.SNA_01","SNAI1","RHOD"
"1927","V.SNA_01","SNAI1","TPX2"
"1928","V.SNA_01","SNAI1","LRP1"
"1929","V.SNA_01","SNAI1","PAG1"
"1930","V.SNA_01","SNAI1","TRIM33"
"1931","V.SNA_01","SNAI1","MOCOS"
"1932","V.SNA_01","SNAI1","FGF13"
"1933","V.SNA_01","SNAI1","ANXA1"
"1934","V.SNA_01","SNAI1","EVL"
"1935","V.SNA_01","SNAI1","CXXC5"
"1936","V.SNA_01","SNAI1","TNIK"
"1937","V.SNA_01","SNAI1","TP53"
"1938","V.SNA_01","SNAI1","PLK1"
"1939","V.SNA_01","SNAI1","FBLN1"
"1940","V.SNA_01","SNAI1","ATF3"
"1941","V.SNA_01","SNAI1","GSN"
"1942","V.SNA_01","SNAI1","RRM2B"
"1943","V.SNA_01","SNAI1","PTPRA"
"1944","V.SNA_01","SNAI1","FYN"
"1945","V.SNA_01","SNAI1","KAT2A"
"1946","V.SNA_01","SNAI1","MAPT"
"1947","V.SNA_01","SNAI1","TAF1B"
"1948","V.SNA_01","SNAI1","FN1"
"1949","V.SNA_01","SNAI1","S100A2"
"1950","V.SNA_01","SNAI1","AURKA"
"1951","V.SNA_01","SNAI1","IL4R"
"1952","V.SNA_01","SNAI1","SKIL"
"1953","V.SNA_01","SNAI1","BACE1"
"1954","V.SNA_01","SNAI1","TGFB1"
"1955","V.SNA_02","SNAI1","ANXA1"
"1956","V.SNA_02","SNAI1","ARID3A"
"1957","V.SNA_02","SNAI1","PIAS3"
"1958","V.SNA_02","SNAI1","BIRC6"
"1959","V.SNA_02","SNAI1","PAG1"
"1960","V.SNA_02","SNAI1","TPR"
"1961","V.SNA_02","SNAI1","CD55"
"1962","V.SNA_02","SNAI1","CDC20"
"1963","V.SNA_02","SNAI1","RHOD"
"1964","V.SNA_02","SNAI1","SRPK1"
"1965","V.SNA_02","SNAI1","HMGA2"
"1966","V.SNA_02","SNAI1","TGFA"
"1967","V.SNA_02","SNAI1","MAPK13"
"1968","V.SNA_02","SNAI1","IL7R"
"1969","V.SNA_02","SNAI1","TRIOBP"
"1970","V.SNA_02","SNAI1","LTBP3"
"1971","V.SNA_02","SNAI1","TNK2"
"1972","V.SNA_02","SNAI1","CABLES2"
"1973","V.SNA_02","SNAI1","NUF2"
"1974","V.SNA_02","SNAI1","KLHL12"
"1975","V.SNA_02","SNAI1","NDC80"
"1976","V.SNA_02","SNAI1","ICAM1"
"1977","V.SNA_02","SNAI1","MAD2L2"
"1978","V.SNA_02","SNAI1","ROCK1"
"1979","V.SNA_02","SNAI1","SELPLG"
"1980","V.SNA_02","SNAI1","TPX2"
"1981","V.SNA_02","SNAI1","FN1"
"1982","V.SNA_02","SNAI1","SERPINA1"
"1983","V.SNA_02","SNAI1","IGF1R"
"1984","V.SNA_02","SNAI1","TBL1X"
"1985","V.SNA_02","SNAI1","SNRPA"
"1986","V.SNA_02","SNAI1","ADAM9"
"1987","V.SNA_02","SNAI1","PLK1"
"1988","V.SNA_02","SNAI1","FBLN1"
"1989","V.SNA_02","SNAI1","BUB1"
"1990","V.SNA_02","SNAI1","TAF12"
"1991","V.SNA_02","SNAI1","LIMK2"
"1992","V.SNA_02","SNAI1","RASGRF1"
"1993","V.SNA_02","SNAI1","SNAP29"
"1994","V.SNA_02","SNAI1","EGFR"
"1995","V.SNA_02","SNAI1","PKIA"
"1996","V.SNA_02","SNAI1","TGFB1"
"1997","V.SNA_02","SNAI1","STX6"
"1998","V.SNA_02","SNAI1","EVL"
"1999","V.SNA_02","SNAI1","COL13A1"
"2000","V.SNA_02","SNAI1","CKAP5"
"2001","V.SNA_02","SNAI1","MOCOS"
"2002","V.SNA_02","SNAI1","SMAD4"
"2003","V.SNA_02","SNAI1","KAT2A"
"2004","V.SNA_02","SNAI1","DNAJB2"
"2005","V.SNA_02","SNAI1","BGN"
"2006","V.SNA_02","SNAI1","CXXC5"
"2007","V.SNA_02","SNAI1","S100A2"
"2008","V.SNA_02","SNAI1","ITGB8"
"2009","V.SNA_02","SNAI1","FYN"
"2010","V.SNA_02","SNAI1","LRP1"
"2011","V.SNA_02","SNAI1","TOP2A"
"2012","V.SNA_02","SNAI1","TAF1B"
"2013","V.SNA_02","SNAI1","ATF3"
"2014","V.SNA_02","SNAI1","TNIK"
"2015","V.SNA_02","SNAI1","BACE1"
"2016","V.SNA_02","SNAI1","RFWD2"
"2017","V.SNA_02","SNAI1","HUWE1"
"2018","V.SNA_02","SNAI1","GSN"
"2019","V.SNA_02","SNAI1","IL4R"
"2020","V.SNA_02","SNAI1","AURKA"
"2021","V.SNA_02","SNAI1","TRIM33"
"2022","V.SNA_02","SNAI1","TP53"
"2023","V.SNA_02","SNAI1","RRM2B"
"2024","V.SNA_02","SNAI1","MAPT"
"2025","V.SNA_02","SNAI1","SKIL"
"2026","V.SNA_02","SNAI1","PTPRA"
"2027","V.SNA_02","SNAI1","FGF13"
"2028","V.SNA_04","SNAI1","STX6"
"2029","V.SNA_04","SNAI1","NUF2"
"2030","V.SNA_04","SNAI1","FGF13"
"2031","V.SNA_04","SNAI1","KLHL12"
"2032","V.SNA_04","SNAI1","HMGA2"
"2033","V.SNA_04","SNAI1","MAPK13"
"2034","V.SNA_04","SNAI1","SERPINA1"
"2035","V.SNA_04","SNAI1","PLK1"
"2036","V.SNA_04","SNAI1","TPR"
"2037","V.SNA_04","SNAI1","EGFR"
"2038","V.SNA_04","SNAI1","PTPRA"
"2039","V.SNA_04","SNAI1","LTBP3"
"2040","V.SNA_04","SNAI1","CABLES2"
"2041","V.SNA_04","SNAI1","CDC20"
"2042","V.SNA_04","SNAI1","TOP2A"
"2043","V.SNA_04","SNAI1","TRIOBP"
"2044","V.SNA_04","SNAI1","TAF12"
"2045","V.SNA_04","SNAI1","LIMK2"
"2046","V.SNA_04","SNAI1","RRM2B"
"2047","V.SNA_04","SNAI1","TGFA"
"2048","V.SNA_04","SNAI1","SKIL"
"2049","V.SNA_04","SNAI1","IL7R"
"2050","V.SNA_04","SNAI1","AURKA"
"2051","V.SNA_04","SNAI1","PKIA"
"2052","V.SNA_04","SNAI1","CD55"
"2053","V.SNA_04","SNAI1","SNRPA"
"2054","V.SNA_04","SNAI1","RASGRF1"
"2055","V.SNA_04","SNAI1","FN1"
"2056","V.SNA_04","SNAI1","ROCK1"
"2057","V.SNA_04","SNAI1","MAD2L2"
"2058","V.SNA_04","SNAI1","ICAM1"
"2059","V.SNA_04","SNAI1","EVL"
"2060","V.SNA_04","SNAI1","MAPT"
"2061","V.SNA_04","SNAI1","ITGB8"
"2062","V.SNA_04","SNAI1","SNAP29"
"2063","V.SNA_04","SNAI1","TNIK"
"2064","V.SNA_04","SNAI1","TGFB1"
"2065","V.SNA_04","SNAI1","SELPLG"
"2066","V.SNA_04","SNAI1","TBL1X"
"2067","V.SNA_04","SNAI1","TAF1B"
"2068","V.SNA_04","SNAI1","RHOD"
"2069","V.SNA_04","SNAI1","ADAM9"
"2070","V.SNA_04","SNAI1","TRIM33"
"2071","V.SNA_04","SNAI1","NDC80"
"2072","V.SNA_04","SNAI1","RFWD2"
"2073","V.SNA_04","SNAI1","CXXC5"
"2074","V.SNA_04","SNAI1","S100A2"
"2075","V.SNA_04","SNAI1","ATF3"
"2076","V.SNA_04","SNAI1","TPX2"
"2077","V.SNA_04","SNAI1","LRP1"
"2078","V.SNA_04","SNAI1","IGF1R"
"2079","V.SNA_04","SNAI1","PIAS3"
"2080","V.SNA_04","SNAI1","KAT2A"
"2081","V.SNA_04","SNAI1","BIRC6"
"2082","V.SNA_04","SNAI1","BGN"
"2083","V.SNA_04","SNAI1","FBLN1"
"2084","V.SNA_04","SNAI1","VIM"
"2085","V.SNA_04","SNAI1","FYN"
"2086","V.SNA_04","SNAI1","BUB1"
"2087","V.SNA_04","SNAI1","SRPK1"
"2088","V.SNA_04","SNAI1","ANXA1"
"2089","V.SNA_04","SNAI1","PAG1"
"2090","V.SNA_04","SNAI1","MOCOS"
"2091","V.SNA_04","SNAI1","HUWE1"
"2092","V.SNA_04","SNAI1","TP53"
"2093","V.SNA_04","SNAI1","COL13A1"
"2094","V.SNA_04","SNAI1","DNAJB2"
"2095","V.SNA_04","SNAI1","GSN"
"2096","V.SNA_04","SNAI1","BACE1"
"2097","V.SNA_04","SNAI1","IL4R"
"2098","V.SNA_04","SNAI1","SMAD4"
"2099","V.SNA_04","SNAI1","ARID3A"
"2100","V.SNA_04","SNAI1","TNK2"
"2101","V.SNA_05","SNAI1","TRIOBP"
"2102","V.SNA_05","SNAI1","KLHL12"
"2103","V.SNA_05","SNAI1","SELPLG"
"2104","V.SNA_05","SNAI1","LIMK2"
"2105","V.SNA_05","SNAI1","ARID3A"
"2106","V.SNA_05","SNAI1","IL7R"
"2107","V.SNA_05","SNAI1","SNAP29"
"2108","V.SNA_05","SNAI1","MAPT"
"2109","V.SNA_05","SNAI1","SKIL"
"2110","V.SNA_05","SNAI1","TPR"
"2111","V.SNA_05","SNAI1","TGFA"
"2112","V.SNA_05","SNAI1","EVL"
"2113","V.SNA_05","SNAI1","ICAM1"
"2114","V.SNA_05","SNAI1","TBL1X"
"2115","V.SNA_05","SNAI1","PKIA"
"2116","V.SNA_05","SNAI1","S100A2"
"2117","V.SNA_05","SNAI1","TGFB1"
"2118","V.SNA_05","SNAI1","TRIM33"
"2119","V.SNA_05","SNAI1","MAPK13"
"2120","V.SNA_05","SNAI1","MOCOS"
"2121","V.SNA_05","SNAI1","PTPRA"
"2122","V.SNA_05","SNAI1","ATF3"
"2123","V.SNA_05","SNAI1","FYN"
"2124","V.SNA_05","SNAI1","TAF12"
"2125","V.SNA_05","SNAI1","PLK1"
"2126","V.SNA_05","SNAI1","AURKA"
"2127","V.SNA_05","SNAI1","LRP1"
"2128","V.SNA_05","SNAI1","FBLN1"
"2129","V.SNA_05","SNAI1","TPX2"
"2130","V.SNA_05","SNAI1","BUB1"
"2131","V.SNA_05","SNAI1","ADAM9"
"2132","V.SNA_05","SNAI1","RHOD"
"2133","V.SNA_05","SNAI1","TAF1B"
"2134","V.SNA_05","SNAI1","TNIK"
"2135","V.SNA_05","SNAI1","RFWD2"
"2136","V.SNA_05","SNAI1","SH3YL1"
"2137","V.SNA_05","SNAI1","CD55"
"2138","V.SNA_05","SNAI1","KAT2A"
"2139","V.SNA_05","SNAI1","FN1"
"2140","V.SNA_05","SNAI1","TNK2"
"2141","V.SNA_05","SNAI1","NUF2"
"2142","V.SNA_05","SNAI1","BIRC6"
"2143","V.SNA_05","SNAI1","MAD2L2"
"2144","V.SNA_05","SNAI1","CXXC5"
"2145","V.SNA_05","SNAI1","SNRPA"
"2146","V.SNA_05","SNAI1","IL4R"
"2147","V.SNA_05","SNAI1","SERPINA1"
"2148","V.SNA_05","SNAI1","SMAD4"
"2149","V.SNA_05","SNAI1","PIAS3"
"2150","V.SNA_05","SNAI1","HMGA2"
"2151","V.SNA_05","SNAI1","GSN"
"2152","V.SNA_05","SNAI1","FGF13"
"2153","V.SNA_05","SNAI1","ITGB8"
"2154","V.SNA_05","SNAI1","ANXA1"
"2155","V.SNA_05","SNAI1","COL13A1"
"2156","V.SNA_Q4","SNAI1","TPR"
"2157","V.SNA_Q4","SNAI1","MAD2L2"
"2158","V.SNA_Q4","SNAI1","RHOD"
"2159","V.STAT3STAT3_Q3","STAT3","EGFR"
"2160","V.STAT3STAT3_Q3","STAT3","TNK2"
"2161","V.STAT3STAT3_Q3","STAT3","CABLES2"
"2162","V.STAT3STAT3_Q3","STAT3","SNAP29"
"2163","V.STAT3STAT3_Q3","STAT3","SELPLG"
"2164","V.STAT3STAT3_Q3","STAT3","FGF13"
"2165","V.STAT3STAT3_Q3","STAT3","TGFA"
"2166","V.STAT3STAT3_Q3","STAT3","ARID3A"
"2167","V.STAT3STAT3_Q3","STAT3","FN1"
"2168","V.STAT3STAT3_Q3","STAT3","ICAM1"
"2169","V.STAT3STAT3_Q3","STAT3","TAF12"
"2170","V.STAT3STAT3_Q3","STAT3","EVL"
"2171","V.STAT3STAT3_Q3","STAT3","MOCOS"
"2172","V.STAT3STAT3_Q3","STAT3","STX6"
"2173","V.STAT3STAT3_Q3","STAT3","SMAD4"
"2174","V.STAT3STAT3_Q3","STAT3","FYN"
"2175","V.STAT3STAT3_Q3","STAT3","LRP1"
"2176","V.STAT3STAT3_Q3","STAT3","TPX2"
"2177","V.STAT3STAT3_Q3","STAT3","VIM"
"2178","V.STAT3STAT3_Q3","STAT3","TAF1B"
"2179","V.STAT3STAT3_Q3","STAT3","CDC20"
"2180","V.STAT3STAT3_Q3","STAT3","BIRC6"
"2181","V.STAT3STAT3_Q3","STAT3","KAT2A"
"2182","V.TAL1BETAE47_01","TCF3","FN1"
"2183","V.TAL1BETAE47_01","TCF3","TPR"
"2184","V.TAL1BETAE47_01","TCF3","CXXC5"
"2185","V.TAL1BETAE47_01","TCF3","TRIOBP"
"2186","V.TAL1BETAE47_01","TCF3","SELPLG"
"2187","V.TAL1BETAE47_01","TCF3","FYN"
"2188","V.TAL1BETAE47_01","TCF3","SMAD4"
"2189","V.TAL1BETAE47_01","TCF3","TACC1"
"2190","V.TAL1BETAE47_01","TCF3","TAF1B"
"2191","V.TAL1BETAE47_01","TCF3","MOCOS"
"2192","V.TAL1BETAE47_01","TCF3","TAF12"
"2193","V.TAL1BETAE47_01","TCF3","TOP2A"
"2194","V.TAL1BETAE47_01","TCF3","KAT2A"
"2195","V.TAL1BETAE47_01","TCF3","TBL1X"
"2196","V.TAL1BETAE47_01","TCF3","NDC80"
"2197","V.TAL1BETAE47_01","TCF3","CDC20"
"2198","V.TAL1BETAE47_01","TCF3","RFWD2"
"2199","V.TAL1BETAE47_01","TCF3","NMT2"
"2200","V.TAL1BETAE47_01","TCF3","BGN"
"2201","V.TAL1BETAE47_01","TCF3","SH3YL1"
"2202","V.TAL1BETAE47_01","TCF3","GSN"
"2203","V.TAL1BETAE47_01","TCF3","IL4R"
"2204","V.TAL1BETAE47_01","TCF3","HUWE1"
"2205","V.TAL1BETAE47_01","TCF3","RHOD"
"2206","V.TAL1BETAE47_01","TCF3","HMGA2"
"2207","V.TAL1BETAE47_01","TCF3","VIM"
"2208","V.TAL1BETAE47_01","TCF3","CKAP5"
"2209","V.TAL1BETAE47_01","TCF3","PIAS3"
"2210","V.TAL1BETAE47_01","TCF3","AURKA"
"2211","V.TAL1BETAE47_01","TCF3","ITGB8"
"2212","V.TAL1BETAE47_01","TCF3","KLHL12"
"2213","V.TAL1BETAE47_01","TCF3","MEX3B"
"2214","V.TAL1BETAE47_01","TCF3","LTBP3"
"2215","V.TAL1BETAE47_01","TCF3","TP53"
"2216","V.TAL1BETAE47_01","TCF3","FGF13"
"2217","V.TAL1BETAE47_01","TCF3","IL7R"
"2218","V.TAL1BETAE47_01","TCF3","STX6"
"2219","V.TAL1BETAE47_01","TCF3","ADAM9"
"2220","V.TAL1BETAE47_01","TCF3","RRM2B"
"2221","V.TAL1BETAE47_01","TCF3","DNAJB2"
"2222","V.TAL1BETAE47_01","TCF3","CD55"
"2223","V.TAL1BETAE47_01","TCF3","TPX2"
"2224","V.TAL1BETAE47_01","TCF3","MAPT"
"2225","V.TAL1BETAE47_01","TCF3","TGFB1"
"2226","V.TAL1BETAE47_01","TCF3","LIMK2"
"2227","V.TAL1BETAE47_01","TCF3","PKIA"
"2228","V.TAL1BETAE47_01","TCF3","S100A2"
"2229","V.TAL1BETAE47_01","TCF3","ROCK1"
"2230","V.TAL1BETAE47_01","TCF3","PAG1"
"2231","V.TAL1BETAE47_01","TCF3","SNRPA"
"2232","V.TAL1BETAE47_01","TCF3","FBLN1"
"2233","V.TAL1BETAE47_01","TCF3","BUB1"
"2234","V.TAL1BETAE47_01","TCF3","PTPRA"
"2235","V.TAL1BETAE47_01","TCF3","RASGRF1"
"2236","V.TAL1BETAE47_01","TCF3","HMGB2"
"2237","V.TAL1BETAE47_01","TCF3","MAD2L2"
"2238","V.TAL1BETAE47_01","TCF3","BIRC6"
"2239","V.TAL1BETAE47_01","TCF3","SNAP29"
"2240","V.TAL1BETAE47_01","TCF3","SKIL"
"2241","V.TAL1BETAE47_01","TCF3","EGFR"
"2242","V.TAL1BETAE47_01","TCF3","ATF3"
"2243","V.TAL1BETAE47_01","TCF3","ANXA1"
"2244","V.TAL1BETAE47_01","TCF3","NUF2"
"2245","V.TAL1BETAE47_01","TCF3","BACE1"
"2246","V.TAL1BETAE47_01","TCF3","MAPK13"
"2247","V.TAL1BETAE47_01","TCF3","LRP1"
"2248","V.TAL1BETAE47_01","TCF3","TNK2"
"2249","V.TAL1BETAE47_01","TCF3","TNIK"
"2250","V.TAL1BETAE47_01","TCF3","SRPK1"
"2251","V.TAL1BETAE47_01","TCF3","PLK1"
"2252","V.TAL1BETAE47_01","TCF3","COL13A1"
"2253","V.TAL1BETAE47_01","TCF3","EVL"
"2254","V.TAL1BETAE47_01","TCF3","ARID3A"
"2255","V.TAL1BETAE47_01","TCF3","TRIM33"
"2256","V.TAL1BETAE47_01","TCF3","CABLES2"
"2257","V.TAL1BETAE47_01","TCF3","SERPINA1"
"2258","V.TAL1BETAE47_01","TCF3","TGFA"
"2259","V.TCF4_Q5_02","CTNNB1","MEX3B"
"2260","V.TCF4_Q5_02","CTNNB1","TAF12"
"2261","V.TCF4_Q5_02","CTNNB1","LRP1"
"2262","V.TCF4_Q5_02","CTNNB1","PKIA"
"2263","V.TCF4_Q5_02","CTNNB1","BUB1"
"2264","V.TCF4_Q5_02","CTNNB1","LIMK2"
"2265","V.TCF4_Q5_02","CTNNB1","TRIM33"
"2266","V.TCF4_Q5_02","CTNNB1","SERPINA1"
"2267","V.TCF4_Q5_02","CTNNB1","ATF3"
"2268","V.TCF4_Q5_02","CTNNB1","FGF13"
"2269","V.TCF4_Q5_02","CTNNB1","VIM"
"2270","V.TCF4_Q5_02","CTNNB1","SELPLG"
"2271","V.TCF4_Q5_02","CTNNB1","PLK1"
"2272","V.TCF4_Q5_02","CTNNB1","LTBP3"
"2273","V.TCF4_Q5_02","CTNNB1","ITGB8"
"2274","V.TCF4_Q5_02","CTNNB1","TACC1"
"2275","V.TCF4_Q5_02","CTNNB1","EGFR"
"2276","V.TCF4_Q5_02","CTNNB1","EVL"
"2277","V.TCF4_Q5_02","CTNNB1","TNIK"
"2278","V.TCF4_Q5_02","CTNNB1","KLHL12"
"2279","V.TCF4_Q5_02","CTNNB1","FBLN1"
"2280","V.TCF4_Q5_02","CTNNB1","FYN"
"2281","V.TCF4_Q5_02","CTNNB1","CABLES2"
"2282","V.TCF4_Q5_02","CTNNB1","TOP2A"
"2283","V.TCF4_Q5_02","CTNNB1","TP53"
"2284","V.TCF4_Q5_02","CTNNB1","NMT2"
"2285","V.TCF4_Q5_02","CTNNB1","TAF1B"
"2286","V.TCF4_Q5_02","CTNNB1","TPX2"
"2287","V.TCF4_Q5_02","CTNNB1","CXXC5"
"2288","V.TCF4_Q5_02","CTNNB1","BACE1"
"2289","V.TCF4_Q5_02","CTNNB1","BGN"
"2290","V.TCF4_Q5_02","CTNNB1","ANXA1"
"2291","V.TCF4_Q5_02","CTNNB1","ADAM9"
"2292","V.TCF4_Q5_02","CTNNB1","COL13A1"
"2293","V.TCF4_Q5_02","CTNNB1","MAPK13"
"2294","V.TCF4_Q5_02","CTNNB1","CD55"
"2295","V.TCF4_Q5_02","CTNNB1","SNRPA"
"2296","V.TCF4_Q5_02","CTNNB1","AURKA"
"2297","V.TCF4_Q5_02","CTNNB1","IL7R"
"2298","V.TEAD4TCF3_01","TCF3","MOCOS"
"2299","V.TEAD4TCF3_01","TCF3","TBL1X"
"2300","V.TEAD4TCF3_01","TCF3","IL4R"
"2301","V.TEAD4TCF3_01","TCF3","LIMK2"
"2302","V.TEAD4TCF3_01","TCF3","FYN"
"2303","V.TEAD4TCF3_01","TCF3","ICAM1"
"2304","V.TEAD4TCF3_01","TCF3","MAD2L2"
"2305","V.TEAD4TCF3_01","TCF3","RHOD"
"2306","V.TEAD4TCF3_01","TCF3","BUB1"
"2307","V.TEAD4TCF3_01","TCF3","GSN"
"2308","V.TEAD4TCF3_01","TCF3","BIRC6"
"2309","V.TEAD4TCF3_01","TCF3","AURKA"
"2310","V.TEAD4TCF3_01","TCF3","KAT2A"
"2311","V.TEAD4TCF3_01","TCF3","SMAD4"
"2312","V.TEAD4TCF3_01","TCF3","S100A2"
"2313","V.TEAD4TCF3_01","TCF3","FGF13"
"2314","V.TEAD4TCF3_01","TCF3","BGN"
"2315","V.TEAD4TCF3_01","TCF3","HUWE1"
"2316","V.TEAD4TCF3_01","TCF3","SKIL"
"2317","V.TEAD4TCF3_01","TCF3","FBLN1"
"2318","V.TEAD4TCF3_01","TCF3","ANXA1"
"2319","V.TEAD4TCF3_01","TCF3","ROCK1"
"2320","V.TEAD4TCF3_01","TCF3","PKIA"
"2321","V.TEAD4TCF3_01","TCF3","PTPRA"
"2322","V.TEAD4TCF3_01","TCF3","KLHL12"
"2323","V.TEAD4TCF3_01","TCF3","CXXC5"
"2324","V.TEAD4TCF3_01","TCF3","CKAP5"
"2325","V.TEAD4TCF3_01","TCF3","PLK1"
"2326","V.TEAD4TCF3_01","TCF3","ATF3"
"2327","V.TEAD4TCF3_01","TCF3","TGFA"
"2328","V.TEAD4TCF3_01","TCF3","RASGRF1"
"2329","V.TEAD4TCF3_01","TCF3","HMGB2"
"2330","V.TEAD4TCF3_01","TCF3","SNRPA"
"2331","V.TEAD4TCF3_01","TCF3","SERPINA1"
"2332","V.TEAD4TCF3_01","TCF3","SRPK1"
"2333","V.TEAD4TCF3_01","TCF3","MAPK13"
"2334","V.TEAD4TCF3_01","TCF3","ITGB8"
"2335","V.TEAD4TCF3_01","TCF3","TNK2"
"2336","V.TEAD4TCF3_01","TCF3","IL7R"
"2337","V.TEAD4TCF3_01","TCF3","TRIM33"
"2338","V.TEAD4TCF3_01","TCF3","DNAJB2"
"2339","V.TEAD4TCF3_01","TCF3","NUF2"
"2340","V.TEAD4TCF3_01","TCF3","CABLES2"
