TF,symbol,gene
V.ALPHACP1_01,NFYC,PRPF40A
V.ALPHACP1_01,NFYC,COL13A1
V.ALPHACP1_01,NFYC,SCAMP1
V.ALPHACP1_01,NFYC,MOCOS
V.ALPHACP1_01,NFYC,CDK2
V.ALPHACP1_01,NFYC,NFKB1
V.ALPHACP1_01,NFYC,PTPN11
V.ALPHACP1_01,NFYC,HDAC1
V.ALPHACP1_01,NFYC,SMAD2
V.ALPHACP1_01,NFYC,THBS1
V.ALPHACP1_01,NFYC,PML
V.ALPHACP1_01,NFYC,CDK1
V.ALPHACP1_01,NFYC,AURKA
V.ALPHACP1_01,NFYC,SNRPA
V.ALPHACP1_01,NFYC,LRP1
V.ALPHACP1_01,NFYC,HTT
V.ALPHACP1_01,NFYC,SRPK1
V.ALPHACP1_01,NFYC,TBP
V.ALPHACP1_01,NFYC,ICAM1
V.ALPHACP1_01,NFYC,STAT3
V.ALPHACP1_01,NFYC,PIAS1
V.ALPHACP1_01,NFYC,HMGB2
V.ALPHACP1_01,NFYC,GRB2
V.ALPHACP1_01,NFYC,SNRPD2
V.ALPHACP1_01,NFYC,CHUK
V.ALPHACP1_01,NFYC,TAF1B
V.ALPHACP1_01,NFYC,BRCA1
V.ALPHACP1_01,NFYC,PIAS4
V.ALPHACP1_01,NFYC,ANXA1
V.ALPHACP1_01,NFYC,TOP2A
V.ALPHACP1_01,NFYC,SOCS5
V.ALPHACP1_01,NFYC,SHC1
V.ALPHACP1_01,NFYC,BUB1
V.ALPHACP1_01,NFYC,EGFR
V.ALPHACP1_01,NFYC,JAK2
V.ALPHACP1_01,NFYC,TPX2
V.AP1_02,JUN,JAK2
V.AP1_02,JUN,FN1
V.AP1_02,JUN,CHUK
V.AP1_02,JUN,ICAM1
V.AP1_02,JUN,PML
V.AP1_02,JUN,SOCS5
V.AP1_02,JUN,YWHAG
V.AP1_02,JUN,PPM1D
V.AP1_02,JUN,SRPK1
V.AP1_02,JUN,ANAPC10
V.AP1_02,JUN,GRB2
V.AP1_02,JUN,CDC27
V.AP1_02,JUN,MAD2L1
V.AP1_02,JUN,PTTG1
V.AP1_02,JUN,TGFA
V.AP1_02,JUN,LRP1
V.AP1_02,JUN,TEC
V.AP1_02,JUN,PSMC2
V.AP1_02,JUN,SNRPA
V.AP1_02,JUN,PTPN11
V.AP1_Q4_01,JUN,ANAPC10
V.AP1_Q4_01,JUN,SNRPA
V.AP1_Q4_01,JUN,PSMC2
V.AP1_Q4_01,JUN,CHUK
V.AP1_Q4_01,JUN,PTTG1
V.AP1_Q4_01,JUN,SRPK1
V.AP1_Q4_01,JUN,SOCS5
V.AP1_Q4_01,JUN,PTPN11
V.AP4_01,TFAP4,NDC80
V.AP4_01,TFAP4,EGFR
V.AP4_01,TFAP4,FN1
V.AP4_01,TFAP4,CKAP5
V.AP4_01,TFAP4,THBS1
V.AP4_01,TFAP4,CSNK2A1
V.AP4_01,TFAP4,TGFA
V.AP4_01,TFAP4,PRKACA
V.AP4_01,TFAP4,SKIL
V.AP4_01,TFAP4,PML
V.AP4_01,TFAP4,SOCS5
V.AP4_01,TFAP4,PPM1D
V.AP4_01,TFAP4,HTT
V.AP4_03,TFAP4,CSNK2A1
V.AP4_03,TFAP4,PTTG1
V.AP4_03,TFAP4,THBS1
V.AP4_03,TFAP4,SCAMP1
V.AP4_03,TFAP4,TP53
V.AP4_03,TFAP4,FN1
V.AP4_03,TFAP4,PTPN11
V.AP4_03,TFAP4,CKAP5
V.AP4_03,TFAP4,NDC80
V.AP4_03,TFAP4,YWHAG
V.AP4_03,TFAP4,PRKACA
V.AP4_03,TFAP4,SKIL
V.AP4_03,TFAP4,STAT3
V.AP4_03,TFAP4,NFKB1
V.AP4_03,TFAP4,ITGA5
V.AP4_03,TFAP4,TGFA
V.AP4_03,TFAP4,MAD2L1
V.AP4_03,TFAP4,PIAS4
V.AP4_03,TFAP4,HTT
V.AP4_03,TFAP4,PML
V.AP4_03,TFAP4,AURKA
V.AP4_03,TFAP4,CHUK
V.AP4_03,TFAP4,SNRPD2
V.AP4_Q5,TFAP4,ANAPC10
V.AP4_Q5,TFAP4,CAV1
V.AP4_Q5,TFAP4,NDC80
V.AP4_Q5,TFAP4,TGFA
V.AP4_Q5,TFAP4,TP53
V.AP4_Q5,TFAP4,BUB1
V.AP4_Q5,TFAP4,HTT
V.AP4_Q5,TFAP4,SNRPA
V.AP4_Q5,TFAP4,STAT3
V.AP4_Q5,TFAP4,PTPN11
V.AP4_Q5,TFAP4,MAD2L1
V.AP4_Q5,TFAP4,SCAMP1
V.AP4_Q5,TFAP4,BRCA1
V.AP4_Q5,TFAP4,SKIL
V.AP4_Q5,TFAP4,EGFR
V.AP4_Q5,TFAP4,PTTG1
V.AP4_Q5,TFAP4,SNRPD2
V.AP4_Q5,TFAP4,THBS1
V.AP4_Q5,TFAP4,PRPF40A
V.AP4_Q5,TFAP4,FN1
V.AP4_Q5,TFAP4,MAPK8
V.AP4_Q5,TFAP4,YWHAG
V.AP4_Q5,TFAP4,NFKB1
V.AP4_Q5,TFAP4,CDK1
V.AP4_Q5,TFAP4,ITGA5
V.AP4_Q5,TFAP4,RRM2B
V.AP4_Q5,TFAP4,PPM1D
V.AP4_Q5,TFAP4,CSNK2A1
V.AP4_Q5,TFAP4,MOCOS
V.AP4_Q5,TFAP4,PIAS4
V.AP4_Q5,TFAP4,CDK2
V.AP4_Q5,TFAP4,CKAP5
V.AP4_Q5,TFAP4,PIAS1
V.AP4_Q5,TFAP4,PRKACA
V.AP4_Q5,TFAP4,CHUK
V.AP4_Q5,TFAP4,PML
V.AP4_Q5,TFAP4,AURKA
V.AP4_Q5,TFAP4,SOCS5
V.AP4_Q6,TFAP4,NDC80
V.AP4_Q6,TFAP4,ANAPC10
V.AP4_Q6,TFAP4,EGFR
V.AP4_Q6,TFAP4,STAT3
V.AP4_Q6,TFAP4,ITGA5
V.AP4_Q6,TFAP4,SOCS5
V.AP4_Q6,TFAP4,BUB1
V.AP4_Q6,TFAP4,TGFA
V.AP4_Q6,TFAP4,MAD2L1
V.AP4_Q6,TFAP4,PIAS4
V.AP4_Q6,TFAP4,CDK1
V.AP4_Q6,TFAP4,PTPN11
V.AP4_Q6,TFAP4,SNRPD2
V.AP4_Q6,TFAP4,PIAS1
V.AP4_Q6,TFAP4,PTTG1
V.AP4_Q6,TFAP4,SKIL
V.AP4_Q6,TFAP4,YWHAG
V.AP4_Q6,TFAP4,RRM2B
V.AP4_Q6,TFAP4,FN1
V.AP4_Q6,TFAP4,TP53
V.AP4_Q6,TFAP4,SCAMP1
V.AP4_Q6,TFAP4,HTT
V.AP4_Q6,TFAP4,CHUK
V.AP4_Q6,TFAP4,PRPF40A
V.AP4_Q6,TFAP4,NFKB1
V.AP4_Q6,TFAP4,PML
V.AP4_Q6,TFAP4,CSNK2A1
V.AP4_Q6,TFAP4,CKAP5
V.AP4_Q6,TFAP4,PRKACA
V.AP4_Q6,TFAP4,AURKA
V.AP4_Q6,TFAP4,MOCOS
V.AP4_Q6,TFAP4,CDK2
V.AP4_Q6_01,TFAP4,PTPN11
V.AP4_Q6_01,TFAP4,SOCS5
V.AP4_Q6_01,TFAP4,FN1
V.AP4_Q6_01,TFAP4,EGFR
V.AP4_Q6_01,TFAP4,THBS1
V.AP4_Q6_01,TFAP4,HTT
V.AP4_Q6_01,TFAP4,BUB1
V.AP4_Q6_01,TFAP4,STAT3
V.AP4_Q6_01,TFAP4,ITGA5
V.AP4_Q6_01,TFAP4,MAPK8
V.AP4_Q6_01,TFAP4,MAD2L1
V.AP4_Q6_01,TFAP4,PRKACA
V.AP4_Q6_01,TFAP4,PTTG1
V.AP4_Q6_01,TFAP4,ANAPC10
V.AP4_Q6_01,TFAP4,RRM2B
V.AP4_Q6_01,TFAP4,CSNK2A1
V.AP4_Q6_01,TFAP4,GRB2
V.AP4_Q6_01,TFAP4,NDC80
V.AP4_Q6_01,TFAP4,TP53
V.AP4_Q6_01,TFAP4,CBL
V.AP4_Q6_01,TFAP4,CDK1
V.AP4_Q6_01,TFAP4,PIAS1
V.AP4_Q6_01,TFAP4,SKIL
V.AP4_Q6_01,TFAP4,PRPF40A
V.AP4_Q6_01,TFAP4,PPM1D
V.AP4_Q6_01,TFAP4,AURKA
V.AP4_Q6_01,TFAP4,FZR1
V.AP4_Q6_01,TFAP4,CDK2
V.AP4_Q6_01,TFAP4,PIAS4
V.AP4_Q6_01,TFAP4,YWHAG
V.AP4_Q6_01,TFAP4,CHUK
V.AP4_Q6_01,TFAP4,MOCOS
V.AP4_Q6_01,TFAP4,CKAP5
V.AP4_Q6_01,TFAP4,SCAMP1
V.AP4_Q6_01,TFAP4,NFKB1
V.AP4_Q6_01,TFAP4,TGFA
V.AP4_Q6_01,TFAP4,HUWE1
V.AP4_Q6_01,TFAP4,SNRPD2
V.AP4_Q6_01,TFAP4,PML
V.AP4_Q6_02,TFAP4,RRM2B
V.AP4_Q6_02,TFAP4,RB1
V.AP4_Q6_02,TFAP4,HTT
V.AP4_Q6_02,TFAP4,NMT2
V.AP4_Q6_02,TFAP4,LRP1
V.AP4_Q6_02,TFAP4,CSNK2A1
V.AP4_Q6_02,TFAP4,NFKB1
V.AP4_Q6_02,TFAP4,IL4R
V.AP4_Q6_02,TFAP4,TP53
V.AP4_Q6_02,TFAP4,STAT3
V.AP4_Q6_02,TFAP4,SKIL
V.AP4_Q6_02,TFAP4,EGFR
V.AP4_Q6_02,TFAP4,THBS1
V.AP4_Q6_02,TFAP4,AURKA
V.AP4_Q6_02,TFAP4,COL13A1
V.AP4_Q6_02,TFAP4,BUB1
V.AP4_Q6_02,TFAP4,SOCS5
V.AP4_Q6_02,TFAP4,CREBBP
V.AP4_Q6_02,TFAP4,ARID3A
V.AP4_Q6_02,TFAP4,MAPK8
V.AP4_Q6_02,TFAP4,TGFA
V.AP4_Q6_02,TFAP4,HDAC1
V.AP4_Q6_02,TFAP4,SCAMP1
V.AP4_Q6_02,TFAP4,PML
V.AP4_Q6_02,TFAP4,MAD2L1
V.AP4_Q6_02,TFAP4,NDC80
V.AP4_Q6_02,TFAP4,FN1
V.AP4_Q6_02,TFAP4,CKAP5
V.AP4_Q6_02,TFAP4,CDK2
V.AP4_Q6_02,TFAP4,ARIH2
V.AP4_Q6_02,TFAP4,PIAS1
V.AP4_Q6_02,TFAP4,SNRPD2
V.AP4_Q6_02,TFAP4,PRPF40A
V.AP4_Q6_02,TFAP4,MOCOS
V.AP4_Q6_02,TFAP4,CDK1
V.AP4_Q6_02,TFAP4,ANAPC10
V.AP4_Q6_02,TFAP4,PIAS4
V.AP4_Q6_02,TFAP4,PRKACA
V.AP4_Q6_02,TFAP4,YWHAG
V.AP4_Q6_02,TFAP4,ITGA5
V.AP4_Q6_02,TFAP4,HMGB2
V.BATFJUN_01,JUN,ANAPC10
V.BATFJUN_01,JUN,PTTG1
V.BATFJUN_01,JUN,PTPN11
V.BATFJUN_01,JUN,PSMC2
V.BATFJUN_01,JUN,CHUK
V.BATFJUN_01,JUN,SOCS5
V.CFOSCJUN_Q5,JUN,JAK2
V.CFOSCJUN_Q5,JUN,SNRPA
V.CFOSCJUN_Q5,JUN,PTTG1
V.CFOSCJUN_Q5,JUN,LRP1
V.CFOSCJUN_Q5,JUN,ANAPC10
V.CFOSCJUN_Q5,JUN,CHUK
V.CFOSCJUN_Q5,JUN,PSMC2
V.CFOSCJUN_Q5,JUN,PTPN11
V.CFOSCJUN_Q5,JUN,SOCS5
V.CFOSCJUN_Q5,JUN,SRPK1
V.CMYC_01,MYC,SMAD2
V.CMYC_01,MYC,HMGA2
V.CMYC_01,MYC,SOCS5
V.CMYC_01,MYC,SNRPA
V.CMYC_01,MYC,SNRNP70
V.CMYC_01,MYC,ARID3A
V.CMYC_01,MYC,PRKCA
V.CMYC_01,MYC,STAT3
V.CMYC_02,MYC,ARID3A
V.CMYC_02,MYC,STAT3
V.ETS_Q6,TCF7L2,ARID3A
V.ETS_Q6,TCF7L2,CBL
V.ETS_Q6,TCF7L2,DDX5
V.ETS_Q6,TCF7L2,CHUK
V.ETS_Q6,TCF7L2,SOCS5
V.ETS_Q6,TCF7L2,SCAMP1
V.ETS_Q6,TCF7L2,SNRNP70
V.ETS_Q6,TCF7L2,PTPN11
V.ETS_Q6,TCF7L2,BRCA1
V.ETS_Q6,TCF7L2,PML
V.ETS_Q6,TCF7L2,SKIL
V.ETS_Q6,TCF7L2,HUWE1
V.ETS_Q6,TCF7L2,CAV1
V.ETS_Q6,TCF7L2,PIAS3
V.ETS_Q6,TCF7L2,PPM1D
V.ETS_Q6,TCF7L2,PRPF40A
V.ETS_Q6,TCF7L2,CDK2
V.ETS_Q6,TCF7L2,SNRPD2
V.ETS_Q6,TCF7L2,SMAD2
V.ETS_Q6,TCF7L2,CCNA2
V.ETS_Q6,TCF7L2,NMT2
V.ETS_Q6,TCF7L2,TGFA
V.ETS_Q6,TCF7L2,ANAPC10
V.ETS_Q6,TCF7L2,AURKA
V.ETS_Q6,TCF7L2,STAT3
V.ETS_Q6,TCF7L2,MOCOS
V.ETS_Q6,TCF7L2,SRPK1
V.ETS_Q6,TCF7L2,PRKCA
V.ETS_Q6,TCF7L2,NFKB1
V.ETS_Q6,TCF7L2,HMGB2
V.ETS_Q6,TCF7L2,CDK1
V.ETS_Q6,TCF7L2,PIAS1
V.ETS_Q6,TCF7L2,NDC80
V.ETS_Q6,TCF7L2,CSNK2A1
V.ETS_Q6,TCF7L2,TP53
V.ETS_Q6,TCF7L2,TPX2
V.ETS_Q6,TCF7L2,ICAM1
V.ETS_Q6,TCF7L2,PSMC2
V.ETS_Q6,TCF7L2,IL4R
V.ETS_Q6,TCF7L2,ITGA5
V.ETS_Q6,TCF7L2,CDC20
V.ETS_Q6,TCF7L2,MAD2L1
V.ETS_Q6,TCF7L2,THBS1
V.ETS_Q6,TCF7L2,HMGA2
V.ETS_Q6,TCF7L2,TEC
V.ETS_Q6,TCF7L2,SHC1
V.ETS_Q6,TCF7L2,TAF1B
V.ETS_Q6,TCF7L2,MAPK8
V.ETS_Q6,TCF7L2,YWHAG
V.ETS_Q6,TCF7L2,GRB2
V.ETS_Q6,TCF7L2,RB1
V.ETS_Q6,TCF7L2,TOP2A
V.ETS_Q6,TCF7L2,TBP
V.ETS_Q6,TCF7L2,PRKACA
V.ETS_Q6,TCF7L2,HDAC1
V.ETS_Q6,TCF7L2,SNRPA
V.ETS_Q6,TCF7L2,ANXA1
V.ETS_Q6,TCF7L2,CREBBP
V.ETS_Q6,TCF7L2,BUB1
V.ETS_Q6,TCF7L2,FN1
V.ETS_Q6,TCF7L2,EGFR
V.ETS_Q6,TCF7L2,LRP1
V.ETS_Q6,TCF7L2,ARIH2
V.ETS_Q6,TCF7L2,EP300
V.ETS_Q6,TCF7L2,FZR1
V.ETS_Q6,TCF7L2,CDC16
V.ETS_Q6,TCF7L2,RRM2B
V.ETS_Q6,TCF7L2,PIAS4
V.ETS_Q6,TCF7L2,COL13A1
V.ETS_Q6,TCF7L2,CKAP5
V.ETS_Q6,TCF7L2,PTTG1
V.ETS_Q6,TCF7L2,JAK2
V.ETS_Q6,TCF7L2,CDC27
V.ETS_Q6,TCF7L2,HTT
V.ETS_Q6,TCF7L2,PRKDC
V.FOSJUN_02,JUN,PSMC2
V.FOSJUN_02,JUN,LRP1
V.FOSJUN_02,JUN,JAK2
V.FOSJUN_02,JUN,PTPN11
V.FOSJUN_02,JUN,SOCS5
V.FOSJUN_02,JUN,SRPK1
V.FOSJUN_02,JUN,SNRPA
V.FOSJUN_02,JUN,MAD2L1
V.FOSJUN_02,JUN,PTTG1
V.FOSJUN_02,JUN,CHUK
V.FOSJUN_02,JUN,ANAPC10
V.JUNBJUN_01,JUN,PTTG1
V.JUNBJUN_01,JUN,SOCS5
V.JUNBJUN_01,JUN,ANAPC10
V.JUNBJUN_01,JUN,PTPN11
V.JUNBJUN_01,JUN,CHUK
V.JUNFOSB_01,JUN,PTTG1
V.JUNFOSB_01,JUN,ANAPC10
V.JUNFOSB_01,JUN,CHUK
V.JUNFOSB_01,JUN,SOCS5
V.JUNFOSB_01,JUN,PTPN11
V.JUNFRA1_01,JUN,PSMC2
V.JUNFRA1_01,JUN,PTTG1
V.JUNFRA1_01,JUN,LRP1
V.JUNFRA1_01,JUN,CHUK
V.JUNFRA1_01,JUN,SOCS5
V.JUNFRA1_01,JUN,PTPN11
V.JUNFRA1_01,JUN,ANAPC10
V.JUNFRA2_01,JUN,LRP1
V.JUNFRA2_01,JUN,SOCS5
V.JUNFRA2_01,JUN,CHUK
V.JUNFRA2_01,JUN,ANAPC10
V.JUNFRA2_01,JUN,PTTG1
V.JUNFRA2_01,JUN,PTPN11
V.MYCMAX_B,MYC,SKIL
V.MYCMAX_B,MYC,SCAMP1
V.MYCMAX_B,MYC,MAPK8
V.MYCMAX_B,MYC,SNRPD2
V.MYCMAX_B,MYC,CBL
V.MYCMAX_B,MYC,MOCOS
V.MYCMAX_B,MYC,TP53
V.MYCMAX_B,MYC,CREBBP
V.MYCMAX_B,MYC,SNRPA
V.MYCMAX_B,MYC,CDC16
V.MYCMAX_B,MYC,NMT2
V.MYCMAX_B,MYC,HTT
V.MYCMAX_B,MYC,FZR1
V.MYCMAX_B,MYC,SOCS5
V.MYCMAX_B,MYC,CSNK2A1
V.MYCMAX_B,MYC,PIAS4
V.MYCMAX_B,MYC,PSMC2
V.MYCMAX_B,MYC,CKAP5
V.MYCMAX_B,MYC,LRP1
V.MYCMAX_B,MYC,STAT3
V.MYCMAX_B,MYC,ICAM1
V.MYCMAX_B,MYC,ANAPC10
V.MYCMAX_B,MYC,ARID3A
V.MYCMAX_B,MYC,IL4R
V.MYCMAX_B,MYC,THBS1
V.MYCMAX_B,MYC,PRKCA
V.MYCMAX_B,MYC,EGFR
V.MYOGNF1_01,NFIC,CBL
V.MYOGNF1_01,NFIC,CDK1
V.MYOGNF1_01,NFIC,PRKACA
V.MYOGNF1_01,NFIC,TP53
V.MYOGNF1_01,NFIC,MAPK8
V.MYOGNF1_01,NFIC,BUB1
V.MYOGNF1_01,NFIC,PML
V.MYOGNF1_01,NFIC,PIAS3
V.MYOGNF1_01,NFIC,PRPF40A
V.MYOGNF1_01,NFIC,ITGA5
V.MYOGNF1_01,NFIC,LRP1
V.MYOGNF1_01,NFIC,HUWE1
V.MYOGNF1_01,NFIC,SKIL
V.MYOGNF1_01,NFIC,TGFA
V.MYOGNF1_01,NFIC,HTT
V.MYOGNF1_01,NFIC,SCAMP1
V.MYOGNF1_01,NFIC,PPM1D
V.MYOGNF1_01,NFIC,SRPK1
V.MYOGNF1_01,NFIC,PIAS4
V.MYOGNF1_01,NFIC,SNRPD2
V.MYOGNF1_01,NFIC,NFKB1
V.MYOGNF1_01,NFIC,SOCS5
V.MYOGNF1_01,NFIC,HMGA2
V.MYOGNF1_01,NFIC,NDC80
V.MYOGNF1_01,NFIC,PIAS1
V.MYOGNF1_01,NFIC,CDK2
V.MYOGNF1_01,NFIC,PRKDC
V.MYOGNF1_01,NFIC,IL4R
V.MYOGNF1_01,NFIC,THBS1
V.MYOGNF1_01,NFIC,SNRPA
V.MYOGNF1_01,NFIC,CDC20
V.MYOGNF1_01,NFIC,NMT2
V.MYOGNF1_01,NFIC,CDC16
V.MYOGNF1_01,NFIC,CDC27
V.MYOGNF1_01,NFIC,PSMC2
V.MYOGNF1_01,NFIC,COL13A1
V.MYOGNF1_01,NFIC,EP300
V.MYOGNF1_01,NFIC,MOCOS
V.MYOGNF1_01,NFIC,MAD2L1
V.MYOGNF1_01,NFIC,SMAD2
V.MYOGNF1_01,NFIC,STAT3
V.MYOGNF1_01,NFIC,SHC1
V.MYOGNF1_01,NFIC,PTPN11
V.MYOGNF1_01,NFIC,RRM2B
V.MYOGNF1_01,NFIC,TOP2A
V.MYOGNF1_01,NFIC,TPX2
V.NF1_Q6,NFIC,CSNK2A1
V.NF1_Q6,NFIC,TGFA
V.NF1_Q6,NFIC,MAD2L1
V.NF1_Q6,NFIC,PIAS1
V.NF1_Q6,NFIC,AURKA
V.NF1C_01,NFIC,SCAMP1
V.NF1C_01,NFIC,MAD2L1
V.NF1C_01,NFIC,AURKA
V.NF1C_01,NFIC,PIAS3
V.NF1C_01,NFIC,CDC20
V.NF1C_01,NFIC,TGFA
V.NF1C_01,NFIC,EGFR
V.NF1C_01,NFIC,CDK2
V.NF1C_01,NFIC,SKIL
V.NF1C_01,NFIC,ITGA5
V.NF1C_01,NFIC,PIAS4
V.NF1C_01,NFIC,IL4R
V.NF1C_01,NFIC,RB1
V.NF1C_01,NFIC,CSNK2A1
V.NF1C_01,NFIC,PRKACA
V.NF1C_01,NFIC,EP300
V.NF1C_01,NFIC,COL13A1
V.NF1C_01,NFIC,HTT
V.NF1C_01,NFIC,CDC27
V.NF1C_03,NFIC,MAD2L1
V.NF1C_03,NFIC,HTT
V.NF1C_03,NFIC,SCAMP1
V.NF1C_03,NFIC,RB1
V.NF1C_03,NFIC,ITGA5
V.NFKAPPAB_01,RELA,PRKDC
V.NFKAPPAB_01,RELA,SMAD2
V.NFKAPPAB_01,RELA,CDC27
V.NFKAPPAB_01,RELA,ICAM1
V.NFKAPPAB_01,RELA,THBS1
V.NFKAPPAB_01,RELA,LRP1
V.NFKAPPAB_01,RELA,ITGA5
V.NFKAPPAB_01,RELA,NDC80
V.NFKAPPAB_01,RELA,HTT
V.NFKAPPAB_01,RELA,PSMC2
V.NFKAPPAB_01,RELA,CSNK2A1
V.NFKAPPAB_01,RELA,CHUK
V.NFKAPPAB_01,RELA,NFKB1
V.NFKAPPAB_01,RELA,EGFR
V.NFKAPPAB_01,RELA,PIAS1
V.NFKAPPAB_01,RELA,YWHAG
V.NFKAPPAB_01,RELA,NMT2
V.NFKAPPAB_01,RELA,PIAS4
V.NFKAPPAB_01,RELA,TEC
V.NFKAPPAB_01,RELA,HUWE1
V.NFKAPPAB_01,RELA,HDAC1
V.NFKAPPAB_01,RELA,CDC16
V.NFKAPPAB_01,RELA,SOCS5
V.NFKAPPAB_01,RELA,CDC20
V.NFKAPPAB_01,RELA,SNRNP70
V.NFKAPPAB_01,RELA,RB1
V.NFKAPPAB_01,RELA,MOCOS
V.NFKAPPAB_01,RELA,SKIL
V.NFKAPPAB_01,RELA,PRKACA
V.NFKAPPAB_01,RELA,CREBBP
V.NFKAPPAB_01,RELA,EP300
V.NFKAPPAB_01,RELA,PTPN11
V.NFKAPPAB_01,RELA,ANAPC10
V.NFKAPPAB_01,RELA,PML
V.NFKAPPAB_01,RELA,SRPK1
V.NFKAPPAB_01,RELA,CAV1
V.NFKAPPAB_01,RELA,FN1
V.NFKAPPAB_01,RELA,SCAMP1
V.NFKAPPAB_01,RELA,TP53
V.NFKAPPAB_01,RELA,RRM2B
V.NFKAPPAB_01,RELA,TPX2
V.NFKAPPAB_01,RELA,MAPK8
V.NFKAPPAB_01,RELA,HMGB2
V.NFKAPPAB_01,RELA,ARID3A
V.NFKAPPAB65_01,RELA,HMGA2
V.NFKAPPAB65_01,RELA,GRB2
V.NFKAPPAB65_01,RELA,STAT3
V.NFKAPPAB65_01,RELA,PSMC2
V.NFKAPPAB65_01,RELA,NMT2
V.NFKAPPAB65_01,RELA,ICAM1
V.NFKAPPAB65_01,RELA,HTT
V.NFKAPPAB65_01,RELA,SNRPA
V.NFKAPPAB65_01,RELA,RB1
V.NFKAPPAB65_01,RELA,BUB1
V.NFKAPPAB65_01,RELA,TEC
V.NFKAPPAB65_01,RELA,CDK1
V.NFKAPPAB65_01,RELA,SMAD2
V.NFKAPPAB65_01,RELA,HDAC1
V.NFKAPPAB65_01,RELA,CBL
V.NFKAPPAB65_01,RELA,NFKB1
V.NFKAPPAB65_01,RELA,CDC27
V.NFKAPPAB65_01,RELA,LRP1
V.NFKAPPAB65_01,RELA,TOP2A
V.NFKAPPAB65_01,RELA,SNRPD2
V.NFKAPPAB65_01,RELA,PIAS1
V.NFKAPPAB65_01,RELA,SKIL
V.NFKAPPAB65_01,RELA,CHUK
V.NFKAPPAB65_01,RELA,MOCOS
V.NFKAPPAB65_01,RELA,SCAMP1
V.NFKAPPAB65_01,RELA,ITGA5
V.NFKAPPAB65_01,RELA,CSNK2A1
V.NFKAPPAB65_01,RELA,TGFA
V.NFKAPPAB65_01,RELA,CREBBP
V.NFKAPPAB65_01,RELA,ARIH2
V.NFKAPPAB65_01,RELA,CDC20
V.NFKAPPAB65_01,RELA,NDC80
V.NFKAPPAB65_01,RELA,YWHAG
V.NFKAPPAB65_01,RELA,TP53
V.NFKAPPAB65_01,RELA,BRCA1
V.NFKAPPAB65_01,RELA,EP300
V.NFKAPPAB65_01,RELA,SRPK1
V.NFKAPPAB65_01,RELA,EGFR
V.NFKAPPAB65_01,RELA,ANXA1
V.NFKAPPAB65_01,RELA,SNRNP70
V.NFKAPPAB65_01,RELA,ANAPC10
V.NFKAPPAB65_01,RELA,TBP
V.NFKAPPAB65_01,RELA,JAK2
V.NFKAPPAB65_01,RELA,SHC1
V.NFKAPPAB65_01,RELA,HUWE1
V.NFKAPPAB65_01,RELA,HMGB2
V.NFKAPPAB65_01,RELA,PTPN11
V.NFKAPPAB65_01,RELA,FN1
V.NFKAPPAB65_01,RELA,DDX5
V.NFKAPPAB65_01,RELA,PRKDC
V.NFKAPPAB65_01,RELA,PRKACA
V.NFKAPPAB65_01,RELA,ARID3A
V.NFKAPPAB65_01,RELA,PML
V.NFKAPPAB65_01,RELA,THBS1
V.NFKAPPAB65_01,RELA,PIAS3
V.NFKAPPAB65_01,RELA,CAV1
V.NFKAPPAB65_01,RELA,PTTG1
V.NFKAPPAB65_01,RELA,CDC16
V.NFKAPPAB65_01,RELA,PPM1D
V.NFKAPPAB65_01,RELA,RRM2B
V.NFKAPPAB65_01,RELA,SOCS5
V.NFKB_Q6_01,RELA,HTT
V.NFKB_Q6_01,RELA,SOCS5
V.NFKB_Q6_01,RELA,EP300
V.NFKB_Q6_01,RELA,RB1
V.NFKB_Q6_01,RELA,CSNK2A1
V.NFKB_Q6_01,RELA,CDC16
V.NFKB_Q6_01,RELA,THBS1
V.NFKB_Q6_01,RELA,EGFR
V.NFKB_Q6_01,RELA,PTTG1
V.NFKB_Q6_01,RELA,JAK2
V.NFKB_Q6_01,RELA,ARIH2
V.NFKB_Q6_01,RELA,NDC80
V.NFKB_Q6_01,RELA,ARID3A
V.NFKB_Q6_01,RELA,PRKDC
V.NFKB_Q6_01,RELA,CBL
V.NFKB_Q6_01,RELA,ICAM1
V.NFKB_Q6_01,RELA,CKAP5
V.NFKB_Q6_01,RELA,STAT3
V.NFKB_Q6_01,RELA,GRB2
V.NFKB_Q6_01,RELA,TP53
V.NFKB_Q6_01,RELA,BUB1
V.NFKB_Q6_01,RELA,ANAPC10
V.NFKB_Q6_01,RELA,TGFA
V.NFKB_Q6_01,RELA,FZR1
V.NFKB_Q6_01,RELA,NFKB1
V.NFKB_Q6_01,RELA,SNRPA
V.NFKB_Q6_01,RELA,CREBBP
V.NFKB_Q6_01,RELA,CDC27
V.NFKB_Q6_01,RELA,MAD2L1
V.NFKB_Q6_01,RELA,YWHAG
V.NFKB_Q6_01,RELA,HDAC1
V.NFKB_Q6_01,RELA,PSMC2
V.NFKB_Q6_01,RELA,BRCA1
V.NFKB_Q6_01,RELA,IL4R
V.NFKB_Q6_01,RELA,NMT2
V.NFKB_Q6_01,RELA,MOCOS
V.NFKB_Q6_01,RELA,TBP
V.NFKB_Q6_01,RELA,SKIL
V.NFKB_Q6_01,RELA,DDX5
V.NFKB_Q6_01,RELA,TOP2A
V.NFKB_Q6_01,RELA,SNRNP70
V.NFKB_Q6_01,RELA,PRKCA
V.NFKB_Q6_01,RELA,SMAD2
V.NFKB_Q6_01,RELA,SRPK1
V.NFKB_Q6_01,RELA,FN1
V.NFKB_Q6_01,RELA,CCNA2
V.NFKB_Q6_01,RELA,SNRPD2
V.NFKB_Q6_01,RELA,PPM1D
V.NFKB_Q6_01,RELA,CHUK
V.NFKB_Q6_01,RELA,SCAMP1
V.NFKB_Q6_01,RELA,SHC1
V.NFKB_Q6_01,RELA,CDC20
V.NFKB_Q6_01,RELA,TPX2
V.NFKB_Q6_01,RELA,PIAS3
V.NFKB_Q6_01,RELA,PIAS4
V.NFKB_Q6_01,RELA,TEC
V.NFKB_Q6_01,RELA,HMGA2
V.NFKB_Q6_01,RELA,HUWE1
V.NFKB_Q6_01,RELA,PRKACA
V.NFKB_Q6_01,RELA,RRM2B
V.NFKB_Q6_01,RELA,MAPK8
V.NFKB_Q6_01,RELA,HMGB2
V.NFKB_Q6_01,RELA,CAV1
V.NFKB_Q6_01,RELA,PRPF40A
V.NFKB_Q6_01,RELA,PML
V.NFKB_Q6_01,RELA,PTPN11
V.NFKB_Q6_01,RELA,CDK2
V.NFKB_Q6_01,RELA,CDK1
V.NFKB_Q6_01,RELA,ANXA1
V.NFKB_Q6_01,RELA,LRP1
V.NFKB_Q6_01,RELA,ITGA5
V.NFKB_Q6_01,RELA,PIAS1
V.NFKB1_Q4,RELA,CREBBP
V.NFKB1_Q4,RELA,GRB2
V.NFKB1_Q4,RELA,CSNK2A1
V.NFKB1_Q4,RELA,TOP2A
V.NFKB1_Q4,RELA,THBS1
V.NFKB1_Q4,RELA,FZR1
V.NFKB1_Q4,RELA,PTTG1
V.NFKB1_Q4,RELA,EGFR
V.NFKB1_Q4,RELA,TBP
V.NFKB1_Q4,RELA,PIAS1
V.NFKB1_Q4,RELA,PRKDC
V.NFKB1_Q4,RELA,SNRPA
V.NFKB1_Q4,RELA,BUB1
V.NFKB1_Q4,RELA,CDC27
V.NFKB1_Q4,RELA,PIAS3
V.NFKB1_Q4,RELA,HTT
V.NFKB1_Q4,RELA,SNRPD2
V.NFKB1_Q4,RELA,LRP1
V.NFKB1_Q4,RELA,ANAPC10
V.NFKB1_Q4,RELA,SNRNP70
V.NFKB1_Q4,RELA,NDC80
V.NFKB1_Q4,RELA,BRCA1
V.NFKB1_Q4,RELA,PRKCA
V.NFKB1_Q4,RELA,CBL
V.NFKB1_Q4,RELA,CDC16
V.NFKB1_Q4,RELA,RB1
V.NFKB1_Q4,RELA,DDX5
V.NFKB1_Q4,RELA,ARIH2
V.NFKB1_Q4,RELA,TP53
V.NFKB1_Q4,RELA,YWHAG
V.NFKB1_Q4,RELA,MOCOS
V.NFKB1_Q4,RELA,SKIL
V.NFKB1_Q4,RELA,STAT3
V.NFKB1_Q4,RELA,JAK2
V.NFKB1_Q4,RELA,PPM1D
V.NFKB1_Q4,RELA,CHUK
V.NFKB1_Q4,RELA,HUWE1
V.NFKB1_Q4,RELA,TGFA
V.NFKB1_Q4,RELA,PSMC2
V.NFKB1_Q4,RELA,CDC20
V.NFKB1_Q4,RELA,ICAM1
V.NFKB1_Q4,RELA,PIAS4
V.NFKB1_Q4,RELA,EP300
V.NFKB1_Q4,RELA,RRM2B
V.NFKB1_Q4,RELA,COL13A1
V.NFKB1_Q4,RELA,NMT2
V.NFKB1_Q4,RELA,HMGA2
V.NFKB1_Q4,RELA,MAD2L1
V.NFKB1_Q4,RELA,SHC1
V.NFKB1_Q4,RELA,SCAMP1
V.NFKB1_Q4,RELA,SMAD2
V.NFKB1_Q4,RELA,PML
V.NFKB1_Q4,RELA,NFKB1
V.NFKB1_Q4,RELA,CAV1
V.NFKB1_Q4,RELA,ARID3A
V.NFKB1_Q4,RELA,FN1
V.NFKB1_Q4,RELA,PRPF40A
V.NFKB1_Q4,RELA,TPX2
V.NFKB1_Q4,RELA,PRKACA
V.NFKB1_Q4,RELA,TEC
V.NFKB1_Q4,RELA,CDK2
V.NFKB1_Q4,RELA,PTPN11
V.NFKB1_Q4,RELA,HMGB2
V.NFKB1_Q4,RELA,AURKA
V.NFKB1_Q4,RELA,ITGA5
V.NFKB1_Q4,RELA,MAPK8
V.NFKB1_Q4,RELA,TAF1B
V.NFKB1_Q4,RELA,SOCS5
V.NFY_01,NFYC,CSNK2A1
V.NFY_01,NFYC,CREBBP
V.NFY_01,NFYC,SRPK1
V.NFY_01,NFYC,CDC16
V.NFY_01,NFYC,TGFA
V.NFY_01,NFYC,CBL
V.NFY_01,NFYC,RRM2B
V.NFY_01,NFYC,SHC1
V.NFY_01,NFYC,TPX2
V.NFY_01,NFYC,IL4R
V.NFY_01,NFYC,PPM1D
V.NFY_01,NFYC,TAF1B
V.NFY_01,NFYC,COL13A1
V.NFY_01,NFYC,CCNA2
V.NFY_01,NFYC,TEC
V.NFY_01,NFYC,SCAMP1
V.NFY_01,NFYC,CDK2
V.NFY_01,NFYC,SKIL
V.NFY_01,NFYC,SNRNP70
V.NFY_01,NFYC,PIAS3
V.NFY_01,NFYC,NFKB1
V.NFY_01,NFYC,HTT
V.NFY_01,NFYC,PTTG1
V.NFY_01,NFYC,FZR1
V.NFY_01,NFYC,MAPK8
V.NFY_01,NFYC,MOCOS
V.NFY_01,NFYC,PRKACA
V.NFY_01,NFYC,SMAD2
V.NFY_01,NFYC,BUB1
V.NFY_01,NFYC,ANAPC10
V.NFY_01,NFYC,NDC80
V.NFY_01,NFYC,HUWE1
V.NFY_01,NFYC,GRB2
V.NFY_01,NFYC,EP300
V.NFY_01,NFYC,NMT2
V.NFY_01,NFYC,JAK2
V.NFY_01,NFYC,CDK1
V.NFY_01,NFYC,SNRPD2
V.NFY_01,NFYC,SNRPA
V.NFY_01,NFYC,PIAS4
V.NFY_01,NFYC,TP53
V.NFY_01,NFYC,AURKA
V.NFY_01,NFYC,PIAS1
V.NFY_01,NFYC,BRCA1
V.NFY_01,NFYC,DDX5
V.NFY_01,NFYC,HMGB2
V.NFY_01,NFYC,CHUK
V.NFY_01,NFYC,CDC27
V.NFY_01,NFYC,PTPN11
V.NFY_01,NFYC,CDC20
V.NFY_01,NFYC,LRP1
V.NFY_01,NFYC,SOCS5
V.NFY_01,NFYC,FN1
V.NFY_01,NFYC,PRKDC
V.NFY_01,NFYC,PRPF40A
V.NFY_01,NFYC,PML
V.NFY_01,NFYC,PSMC2
V.NFY_01,NFYC,MAD2L1
V.NFY_01,NFYC,THBS1
V.NFY_01,NFYC,YWHAG
V.NFY_01,NFYC,ANXA1
V.NFY_01,NFYC,CKAP5
V.NFY_01,NFYC,CAV1
V.NFY_01,NFYC,STAT3
V.NFY_01,NFYC,HDAC1
V.NFY_01,NFYC,RB1
V.NFY_01,NFYC,EGFR
V.NFY_01,NFYC,TBP
V.NFY_01,NFYC,ITGA5
V.NFY_01,NFYC,ARIH2
V.NFY_01,NFYC,ICAM1
V.NFY_01,NFYC,TOP2A
V.NFY_C,NFYC,BRCA1
V.NFY_C,NFYC,SMAD2
V.NFY_C,NFYC,FN1
V.NFY_C,NFYC,TAF1B
V.NFY_C,NFYC,COL13A1
V.NFY_C,NFYC,PRKCA
V.NFY_C,NFYC,PIAS3
V.NFY_C,NFYC,SCAMP1
V.NFY_C,NFYC,CSNK2A1
V.NFY_C,NFYC,CDC16
V.NFY_C,NFYC,CAV1
V.NFY_C,NFYC,CCNA2
V.NFY_C,NFYC,SHC1
V.NFY_C,NFYC,NFKB1
V.NFY_C,NFYC,SKIL
V.NFY_C,NFYC,ARID3A
V.NFY_C,NFYC,TP53
V.NFY_C,NFYC,FZR1
V.NFY_C,NFYC,CDK2
V.NFY_C,NFYC,IL4R
V.NFY_C,NFYC,PIAS4
V.NFY_C,NFYC,PRPF40A
V.NFY_C,NFYC,TPX2
V.NFY_C,NFYC,TEC
V.NFY_C,NFYC,PRKACA
V.NFY_C,NFYC,PIAS1
V.NFY_C,NFYC,MOCOS
V.NFY_C,NFYC,HUWE1
V.NFY_C,NFYC,NDC80
V.NFY_C,NFYC,HTT
V.NFY_C,NFYC,CDC27
V.NFY_C,NFYC,CKAP5
V.NFY_C,NFYC,SNRNP70
V.NFY_C,NFYC,SNRPA
V.NFY_C,NFYC,SNRPD2
V.NFY_C,NFYC,ARIH2
V.NFY_C,NFYC,LRP1
V.NFY_C,NFYC,AURKA
V.NFY_C,NFYC,PPM1D
V.NFY_C,NFYC,STAT3
V.NFY_C,NFYC,PML
V.NFY_C,NFYC,GRB2
V.NFY_C,NFYC,PSMC2
V.NFY_C,NFYC,RB1
V.NFY_C,NFYC,TOP2A
V.NFY_C,NFYC,ITGA5
V.NFY_C,NFYC,BUB1
V.NFY_C,NFYC,TBP
V.NFY_C,NFYC,ANXA1
V.NFY_C,NFYC,MAPK8
V.NFY_C,NFYC,HMGA2
V.NFY_C,NFYC,CDK1
V.NFY_C,NFYC,SOCS5
V.NFY_C,NFYC,HDAC1
V.NFY_C,NFYC,PTPN11
V.NFY_C,NFYC,THBS1
V.NFY_C,NFYC,ICAM1
V.NFY_C,NFYC,MAD2L1
V.NFY_C,NFYC,PRKDC
V.NFY_C,NFYC,NMT2
V.NFY_C,NFYC,EP300
V.NFY_C,NFYC,DDX5
V.NFY_C,NFYC,JAK2
V.NFY_Q3,NFYC,BUB1
V.NFY_Q3,NFYC,FN1
V.NFY_Q3,NFYC,BRCA1
V.NFY_Q3,NFYC,HDAC1
V.NFY_Q3,NFYC,SHC1
V.NFY_Q3,NFYC,PIAS4
V.NFY_Q3,NFYC,TPX2
V.NFY_Q3,NFYC,SMAD2
V.NFY_Q3,NFYC,TOP2A
V.NFY_Q3,NFYC,AURKA
V.NFY_Q3,NFYC,CDK1
V.NFY_Q3,NFYC,SNRPA
V.NFY_Q6,NFYC,BRCA1
V.NFY_Q6,NFYC,TOP2A
V.NFY_Q6,NFYC,SMAD2
V.NFY_Q6,NFYC,HDAC1
V.NFY_Q6,NFYC,BUB1
V.NFY_Q6,NFYC,STAT3
V.NFY_Q6,NFYC,CDK1
V.NFY_Q6,NFYC,SNRPD2
V.NFY_Q6,NFYC,SNRPA
V.NFY_Q6,NFYC,AURKA
V.NFY_Q6,NFYC,PRKDC
V.NFY_Q6,NFYC,GRB2
V.NFY_Q6,NFYC,TAF1B
V.NFY_Q6_01,NFYC,PRKCA
V.NFY_Q6_01,NFYC,CSNK2A1
V.NFY_Q6_01,NFYC,NDC80
V.NFY_Q6_01,NFYC,TPX2
V.NFY_Q6_01,NFYC,SMAD2
V.NFY_Q6_01,NFYC,TGFA
V.NFY_Q6_01,NFYC,COL13A1
V.NFY_Q6_01,NFYC,BUB1
V.NFY_Q6_01,NFYC,FZR1
V.NFY_Q6_01,NFYC,PIAS3
V.NFY_Q6_01,NFYC,TP53
V.NFY_Q6_01,NFYC,TEC
V.NFY_Q6_01,NFYC,BRCA1
V.NFY_Q6_01,NFYC,CCNA2
V.NFY_Q6_01,NFYC,PTTG1
V.NFY_Q6_01,NFYC,PPM1D
V.NFY_Q6_01,NFYC,CKAP5
V.NFY_Q6_01,NFYC,SCAMP1
V.NFY_Q6_01,NFYC,SNRPD2
V.NFY_Q6_01,NFYC,HMGB2
V.NFY_Q6_01,NFYC,AURKA
V.NFY_Q6_01,NFYC,LRP1
V.NFY_Q6_01,NFYC,CDK2
V.NFY_Q6_01,NFYC,SNRPA
V.NFY_Q6_01,NFYC,HUWE1
V.NFY_Q6_01,NFYC,FN1
V.NFY_Q6_01,NFYC,PRKACA
V.NFY_Q6_01,NFYC,TOP2A
V.NFY_Q6_01,NFYC,PRKDC
V.NFY_Q6_01,NFYC,EP300
V.NFY_Q6_01,NFYC,CDC27
V.NFY_Q6_01,NFYC,NFKB1
V.NFY_Q6_01,NFYC,PML
V.NFY_Q6_01,NFYC,CDK1
V.NFY_Q6_01,NFYC,ARIH2
V.NFY_Q6_01,NFYC,EGFR
V.NFY_Q6_01,NFYC,JAK2
V.NFY_Q6_01,NFYC,PTPN11
V.NFY_Q6_01,NFYC,MAPK8
V.NFY_Q6_01,NFYC,TAF1B
V.NFY_Q6_01,NFYC,RB1
V.NFY_Q6_01,NFYC,HTT
V.NFY_Q6_01,NFYC,SHC1
V.NFY_Q6_01,NFYC,CDC16
V.NFY_Q6_01,NFYC,MOCOS
V.NFY_Q6_01,NFYC,SRPK1
V.NFY_Q6_01,NFYC,MAD2L1
V.NFY_Q6_01,NFYC,ITGA5
V.NFY_Q6_01,NFYC,SOCS5
V.NFY_Q6_01,NFYC,ICAM1
V.NFY_Q6_01,NFYC,STAT3
V.NFY_Q6_01,NFYC,PIAS4
V.NFY_Q6_01,NFYC,CAV1
V.NFY_Q6_01,NFYC,PRPF40A
V.NFY_Q6_01,NFYC,DDX5
V.NFY_Q6_01,NFYC,NMT2
V.NFY_Q6_01,NFYC,THBS1
V.NFY_Q6_01,NFYC,HDAC1
V.NFY_Q6_01,NFYC,PIAS1
V.NFY_Q6_01,NFYC,CDC20
V.NFY_Q6_01,NFYC,PSMC2
V.NFY_Q6_01,NFYC,ANXA1
V.NFY_Q6_01,NFYC,CHUK
V.NFY_Q6_01,NFYC,GRB2
V.NFY_Q6_01,NFYC,TBP
V.NFYC_01,NFYC,IL4R
V.NFYC_01,NFYC,TPX2
V.NFYC_01,NFYC,JAK2
V.NFYC_01,NFYC,SCAMP1
V.NFYC_01,NFYC,SHC1
V.NFYC_01,NFYC,NDC80
V.NFYC_01,NFYC,CDK2
V.NFYC_01,NFYC,SOCS5
V.NFYC_01,NFYC,ANAPC10
V.NFYC_01,NFYC,STAT3
V.NFYC_01,NFYC,HTT
V.NFYC_01,NFYC,CCNA2
V.NFYC_01,NFYC,ICAM1
V.NFYC_01,NFYC,CDC27
V.NFYC_01,NFYC,SNRPD2
V.NFYC_01,NFYC,SNRNP70
V.NFYC_01,NFYC,TEC
V.NFYC_01,NFYC,PRKDC
V.NFYC_01,NFYC,CBL
V.NFYC_01,NFYC,HMGA2
V.NFYC_01,NFYC,SRPK1
V.NFYC_01,NFYC,TOP2A
V.NFYC_01,NFYC,MAD2L1
V.NFYC_01,NFYC,CSNK2A1
V.NFYC_01,NFYC,BRCA1
V.NFYC_01,NFYC,ARIH2
V.NFYC_01,NFYC,SMAD2
V.NFYC_01,NFYC,HUWE1
V.NFYC_01,NFYC,CDK1
V.NFYC_01,NFYC,CAV1
V.NFYC_01,NFYC,TGFA
V.NFYC_01,NFYC,RRM2B
V.NFYC_01,NFYC,BUB1
V.NFYC_01,NFYC,CDC20
V.NFYC_01,NFYC,HDAC1
V.NFYC_01,NFYC,FZR1
V.NFYC_01,NFYC,SNRPA
V.NFYC_01,NFYC,CDC16
V.NFYC_01,NFYC,PIAS1
V.NFYC_01,NFYC,ITGA5
V.NFYC_01,NFYC,FN1
V.NFYC_01,NFYC,TP53
V.NFYC_01,NFYC,NFKB1
V.NFYC_01,NFYC,COL13A1
V.NFYC_01,NFYC,PIAS3
V.NFYC_01,NFYC,RB1
V.NFYC_01,NFYC,LRP1
V.NFYC_01,NFYC,YWHAG
V.NFYC_01,NFYC,EP300
V.NFYC_01,NFYC,PRPF40A
V.NFYC_01,NFYC,PPM1D
V.NFYC_01,NFYC,MOCOS
V.NFYC_01,NFYC,MAPK8
V.NFYC_01,NFYC,PRKACA
V.NFYC_01,NFYC,PML
V.NFYC_01,NFYC,PTTG1
V.NFYC_01,NFYC,ARID3A
V.NFYC_01,NFYC,CHUK
V.NFYC_01,NFYC,EGFR
V.NFYC_01,NFYC,PIAS4
V.NFYC_01,NFYC,GRB2
V.NFYC_01,NFYC,PRKCA
V.NFYC_01,NFYC,HMGB2
V.NFYC_01,NFYC,THBS1
V.NFYC_01,NFYC,AURKA
V.NFYC_01,NFYC,SKIL
V.NFYC_01,NFYC,TAF1B
V.NFYC_01,NFYC,PTPN11
V.NFYC_01,NFYC,DDX5
V.NFYC_01,NFYC,CKAP5
V.NFYC_01,NFYC,ANXA1
V.NFYC_01,NFYC,TBP
V.NFYC_01,NFYC,NMT2
V.NFYC_01,NFYC,PSMC2
V.NFYC_Q5,NFYC,COL13A1
V.NFYC_Q5,NFYC,BRCA1
V.NFYC_Q5,NFYC,NFKB1
V.NFYC_Q5,NFYC,PRKDC
V.NFYC_Q5,NFYC,SHC1
V.NFYC_Q5,NFYC,CKAP5
V.NFYC_Q5,NFYC,TP53
V.NFYC_Q5,NFYC,PIAS4
V.NFYC_Q5,NFYC,PTTG1
V.NFYC_Q5,NFYC,BUB1
V.NFYC_Q5,NFYC,PRKACA
V.NFYC_Q5,NFYC,CCNA2
V.NFYC_Q5,NFYC,SNRPD2
V.NFYC_Q5,NFYC,RB1
V.NFYC_Q5,NFYC,TPX2
V.NFYC_Q5,NFYC,SMAD2
V.NFYC_Q5,NFYC,EP300
V.NFYC_Q5,NFYC,FN1
V.NFYC_Q5,NFYC,AURKA
V.NFYC_Q5,NFYC,TAF1B
V.NFYC_Q5,NFYC,SNRPA
V.NFYC_Q5,NFYC,THBS1
V.NFYC_Q5,NFYC,TOP2A
V.NFYC_Q5,NFYC,HDAC1
V.NFYC_Q5,NFYC,CDK1
V.NFYC_Q5,NFYC,GRB2
V.NFYC_Q5,NFYC,ANXA1
V.NFYC_Q5,NFYC,TEC
V.NFYC_Q5,NFYC,PIAS1
V.NFYC_Q5,NFYC,CDC27
V.NFYC_Q5,NFYC,TBP
V.NFYC_Q5,NFYC,DDX5
V.NFYC_Q5,NFYC,EGFR
V.NFYC_Q5,NFYC,STAT3
V.NFYC_Q5,NFYC,CDC20
V.NFYC_Q5,NFYC,PRPF40A
V.P50RELAP65_Q5_01,RELA,TEC
V.P50RELAP65_Q5_01,RELA,CKAP5
V.P50RELAP65_Q5_01,RELA,PTTG1
V.P50RELAP65_Q5_01,RELA,SNRPA
V.P50RELAP65_Q5_01,RELA,FZR1
V.P50RELAP65_Q5_01,RELA,THBS1
V.P50RELAP65_Q5_01,RELA,RB1
V.P50RELAP65_Q5_01,RELA,EGFR
V.P50RELAP65_Q5_01,RELA,RRM2B
V.P50RELAP65_Q5_01,RELA,ITGA5
V.P50RELAP65_Q5_01,RELA,PPM1D
V.P50RELAP65_Q5_01,RELA,SNRPD2
V.P50RELAP65_Q5_01,RELA,TAF1B
V.P50RELAP65_Q5_01,RELA,YWHAG
V.P50RELAP65_Q5_01,RELA,CSNK2A1
V.P50RELAP65_Q5_01,RELA,TOP2A
V.P50RELAP65_Q5_01,RELA,IL4R
V.P50RELAP65_Q5_01,RELA,PTPN11
V.P50RELAP65_Q5_01,RELA,HUWE1
V.P50RELAP65_Q5_01,RELA,HMGA2
V.P50RELAP65_Q5_01,RELA,PIAS4
V.P50RELAP65_Q5_01,RELA,CDC16
V.P50RELAP65_Q5_01,RELA,COL13A1
V.P50RELAP65_Q5_01,RELA,CDK2
V.P50RELAP65_Q5_01,RELA,ARID3A
V.P50RELAP65_Q5_01,RELA,PRKDC
V.P50RELAP65_Q5_01,RELA,SOCS5
V.P50RELAP65_Q5_01,RELA,CAV1
V.P50RELAP65_Q5_01,RELA,HTT
V.P50RELAP65_Q5_01,RELA,CDC20
V.P50RELAP65_Q5_01,RELA,SCAMP1
V.P50RELAP65_Q5_01,RELA,MAD2L1
V.P50RELAP65_Q5_01,RELA,JAK2
V.P50RELAP65_Q5_01,RELA,HMGB2
V.P50RELAP65_Q5_01,RELA,NMT2
V.P50RELAP65_Q5_01,RELA,FN1
V.P50RELAP65_Q5_01,RELA,TBP
V.P50RELAP65_Q5_01,RELA,CHUK
V.P50RELAP65_Q5_01,RELA,ICAM1
V.P50RELAP65_Q5_01,RELA,ANAPC10
V.P50RELAP65_Q5_01,RELA,PRKACA
V.P50RELAP65_Q5_01,RELA,DDX5
V.P50RELAP65_Q5_01,RELA,CREBBP
V.P50RELAP65_Q5_01,RELA,TGFA
V.P50RELAP65_Q5_01,RELA,CBL
V.P50RELAP65_Q5_01,RELA,NDC80
V.P50RELAP65_Q5_01,RELA,SRPK1
V.P50RELAP65_Q5_01,RELA,PIAS3
V.P50RELAP65_Q5_01,RELA,NFKB1
V.P50RELAP65_Q5_01,RELA,PRPF40A
V.P50RELAP65_Q5_01,RELA,PML
V.P50RELAP65_Q5_01,RELA,GRB2
V.P50RELAP65_Q5_01,RELA,PSMC2
V.P50RELAP65_Q5_01,RELA,HDAC1
V.P50RELAP65_Q5_01,RELA,SKIL
V.P50RELAP65_Q5_01,RELA,BRCA1
V.P50RELAP65_Q5_01,RELA,MOCOS
V.P50RELAP65_Q5_01,RELA,CCNA2
V.P50RELAP65_Q5_01,RELA,TPX2
V.P50RELAP65_Q5_01,RELA,STAT3
V.P50RELAP65_Q5_01,RELA,SMAD2
V.P50RELAP65_Q5_01,RELA,EP300
V.P50RELAP65_Q5_01,RELA,ARIH2
V.P50RELAP65_Q5_01,RELA,TP53
V.P50RELAP65_Q5_01,RELA,PIAS1
V.P50RELAP65_Q5_01,RELA,LRP1
V.P50RELAP65_Q5_01,RELA,BUB1
V.P50RELAP65_Q5_01,RELA,SNRNP70
V.P50RELAP65_Q5_01,RELA,MAPK8
V.P50RELAP65_Q5_01,RELA,PRKCA
V.P50RELAP65_Q5_01,RELA,SHC1
V.P50RELAP65_Q5_01,RELA,CDC27
V.RELA_02,RELA,PML
V.RELA_02,RELA,THBS1
V.RELA_02,RELA,HMGB2
V.RELA_02,RELA,DDX5
V.RELA_02,RELA,ARIH2
V.RELA_02,RELA,EGFR
V.RELA_02,RELA,CDC16
V.RELA_02,RELA,ITGA5
V.RELA_02,RELA,MAD2L1
V.RELA_02,RELA,YWHAG
V.RELA_02,RELA,CDC27
V.RELA_02,RELA,CDK2
V.RELA_02,RELA,PIAS4
V.RELA_02,RELA,CSNK2A1
V.RELA_02,RELA,CREBBP
V.RELA_02,RELA,NMT2
V.RELA_02,RELA,HMGA2
V.RELA_02,RELA,FN1
V.RELA_02,RELA,PTTG1
V.RELA_02,RELA,PTPN11
V.RELA_02,RELA,ANAPC10
V.RELA_02,RELA,PSMC2
V.RELA_02,RELA,BRCA1
V.RELA_02,RELA,PRKDC
V.RELA_02,RELA,ICAM1
V.RELA_02,RELA,GRB2
V.RELA_02,RELA,NFKB1
V.RELA_02,RELA,TP53
V.RELA_02,RELA,CHUK
V.RELA_03,RELA,SNRPA
V.RELA_03,RELA,TAF1B
V.RELA_03,RELA,CDC20
V.RELA_03,RELA,AURKA
V.RELA_03,RELA,MOCOS
V.RELA_03,RELA,SRPK1
V.RELA_03,RELA,PTTG1
V.RELA_03,RELA,CHUK
V.RELA_03,RELA,ITGA5
V.RELA_03,RELA,SNRPD2
V.RELA_03,RELA,PRPF40A
V.RELA_03,RELA,ANXA1
V.RELA_03,RELA,DDX5
V.RELA_03,RELA,TEC
V.RELA_03,RELA,TPX2
V.RELA_03,RELA,TBP
V.RELA_03,RELA,TOP2A
V.RELA_03,RELA,ANAPC10
V.RELA_03,RELA,ARIH2
V.RELA_03,RELA,HDAC1
V.RELA_03,RELA,HUWE1
V.RELA_03,RELA,CDK2
V.RELA_03,RELA,JAK2
V.RELA_03,RELA,CDK1
V.RELA_03,RELA,IL4R
V.RELA_03,RELA,PIAS4
V.RELA_03,RELA,NMT2
V.RELA_03,RELA,THBS1
V.RELA_03,RELA,YWHAG
V.RELA_03,RELA,HMGA2
V.RELA_03,RELA,STAT3
V.RELA_03,RELA,GRB2
V.RELA_03,RELA,LRP1
V.RELA_03,RELA,SOCS5
V.RELA_03,RELA,PPM1D
V.RELA_03,RELA,CKAP5
V.RELA_03,RELA,RRM2B
V.RELA_03,RELA,ARID3A
V.RELA_03,RELA,EGFR
V.RELA_03,RELA,PIAS1
V.RELA_03,RELA,CCNA2
V.RELA_03,RELA,SNRNP70
V.RELA_03,RELA,BRCA1
V.RELA_03,RELA,TGFA
V.RELA_03,RELA,ICAM1
V.RELA_03,RELA,CBL
V.RELA_03,RELA,EP300
V.RELA_03,RELA,FZR1
V.RELA_03,RELA,PRKDC
V.RELA_03,RELA,HTT
V.RELA_03,RELA,PML
V.RELA_03,RELA,MAD2L1
V.RELA_03,RELA,NFKB1
V.RELA_03,RELA,RB1
V.RELA_03,RELA,COL13A1
V.RELA_03,RELA,HMGB2
V.RELA_03,RELA,PRKACA
V.RELA_03,RELA,PTPN11
V.RELA_03,RELA,PSMC2
V.RELA_03,RELA,CDC16
V.RELA_03,RELA,PIAS3
V.RELA_03,RELA,CDC27
V.RELA_03,RELA,CREBBP
V.RELA_03,RELA,BUB1
V.RELA_03,RELA,CSNK2A1
V.RELA_03,RELA,MAPK8
V.RELA_03,RELA,PRKCA
V.RELA_03,RELA,CAV1
V.RELA_03,RELA,TP53
V.RELA_03,RELA,FN1
V.RELA_03,RELA,SMAD2
V.RELA_03,RELA,SHC1
V.RELA_03,RELA,NDC80
V.RELA_03,RELA,SKIL
V.RELA_03,RELA,SCAMP1
V.RELA_06,RELA,HMGB2
V.RELA_06,RELA,NMT2
V.RELA_06,RELA,NFKB1
V.RELA_06,RELA,TP53
V.RELA_08,RELA,CBL
V.RELA_08,RELA,SRPK1
V.RELA_08,RELA,SNRPA
V.RELA_08,RELA,HDAC1
V.RELA_08,RELA,CDC20
V.RELA_08,RELA,ARIH2
V.RELA_08,RELA,PSMC2
V.RELA_08,RELA,PRKACA
V.RELA_08,RELA,PIAS1
V.RELA_08,RELA,LRP1
V.RELA_08,RELA,SOCS5
V.RELA_08,RELA,STAT3
V.RELA_08,RELA,YWHAG
V.RELA_08,RELA,ANAPC10
V.RELA_08,RELA,EP300
V.RELA_08,RELA,TEC
V.RELA_08,RELA,ARID3A
V.RELA_08,RELA,HMGA2
V.RELA_08,RELA,TAF1B
V.RELA_08,RELA,CDC27
V.RELA_08,RELA,THBS1
V.RELA_08,RELA,SCAMP1
V.RELA_08,RELA,MOCOS
V.RELA_08,RELA,PTTG1
V.RELA_08,RELA,SNRPD2
V.RELA_08,RELA,TBP
V.RELA_08,RELA,PIAS3
V.RELA_08,RELA,DDX5
V.RELA_08,RELA,HTT
V.RELA_08,RELA,TGFA
V.RELA_08,RELA,BUB1
V.RELA_08,RELA,ICAM1
V.RELA_08,RELA,RB1
V.RELA_08,RELA,CSNK2A1
V.RELA_08,RELA,RRM2B
V.RELA_08,RELA,ITGA5
V.RELA_08,RELA,EGFR
V.RELA_08,RELA,PPM1D
V.RELA_08,RELA,PRKDC
V.RELA_08,RELA,SMAD2
V.RELA_08,RELA,MAPK8
V.RELA_08,RELA,SNRNP70
V.RELA_08,RELA,CHUK
V.RELA_08,RELA,NFKB1
V.RELA_08,RELA,CDC16
V.RELA_08,RELA,NMT2
V.RELA_08,RELA,PIAS4
V.RELA_08,RELA,HUWE1
V.RELA_08,RELA,TP53
V.RELA_08,RELA,GRB2
V.RELA_08,RELA,SHC1
V.RELA_08,RELA,FN1
V.RELA_08,RELA,HMGB2
V.RELA_08,RELA,CDK2
V.RELA_08,RELA,IL4R
V.RELA_08,RELA,BRCA1
V.RELA_08,RELA,CAV1
V.RELA_08,RELA,PML
V.RELA_08,RELA,SKIL
V.RELA_08,RELA,CREBBP
V.RELA_Q6,RELA,RB1
V.RELA_Q6,RELA,PSMC2
V.RELA_Q6,RELA,LRP1
V.RELA_Q6,RELA,ANXA1
V.RELA_Q6,RELA,SOCS5
V.RELA_Q6,RELA,TPX2
V.RELA_Q6,RELA,MAD2L1
V.RELA_Q6,RELA,CDC20
V.RELA_Q6,RELA,TOP2A
V.RELA_Q6,RELA,YWHAG
V.RELA_Q6,RELA,ARID3A
V.RELA_Q6,RELA,CDC27
V.RELA_Q6,RELA,ICAM1
V.RELA_Q6,RELA,ARIH2
V.RELA_Q6,RELA,SCAMP1
V.RELA_Q6,RELA,JAK2
V.RELA_Q6,RELA,HMGA2
V.RELA_Q6,RELA,HDAC1
V.RELA_Q6,RELA,SHC1
V.RELA_Q6,RELA,SNRPD2
V.RELA_Q6,RELA,EGFR
V.RELA_Q6,RELA,FZR1
V.RELA_Q6,RELA,SNRPA
V.RELA_Q6,RELA,CAV1
V.RELA_Q6,RELA,PML
V.RELA_Q6,RELA,PRKCA
V.RELA_Q6,RELA,STAT3
V.RELA_Q6,RELA,PTTG1
V.RELA_Q6,RELA,BUB1
V.RELA_Q6,RELA,TBP
V.RELA_Q6,RELA,BRCA1
V.RELA_Q6,RELA,TEC
V.RELA_Q6,RELA,CBL
V.RELA_Q6,RELA,ITGA5
V.RELA_Q6,RELA,HUWE1
V.RELA_Q6,RELA,PRKDC
V.RELA_Q6,RELA,SNRNP70
V.RELA_Q6,RELA,PRKACA
V.RELA_Q6,RELA,CKAP5
V.RELA_Q6,RELA,EP300
V.RELA_Q6,RELA,CHUK
V.RELA_Q6,RELA,NFKB1
V.RELA_Q6,RELA,PTPN11
V.RELA_Q6,RELA,ANAPC10
V.RELA_Q6,RELA,THBS1
V.RELA_Q6,RELA,DDX5
V.RELA_Q6,RELA,TGFA
V.RELA_Q6,RELA,NDC80
V.RELA_Q6,RELA,CDC16
V.RELA_Q6,RELA,SMAD2
V.RELA_Q6,RELA,HTT
V.RELA_Q6,RELA,AURKA
V.RELA_Q6,RELA,CREBBP
V.RELA_Q6,RELA,CSNK2A1
V.RELA_Q6,RELA,NMT2
V.RELA_Q6,RELA,CDK1
V.RELA_Q6,RELA,PIAS1
V.RELA_Q6,RELA,TAF1B
V.RELA_Q6,RELA,MAPK8
V.RELA_Q6,RELA,PIAS3
V.RELA_Q6,RELA,PPM1D
V.RELA_Q6,RELA,IL4R
V.RELA_Q6,RELA,FN1
V.RELA_Q6,RELA,TP53
V.RELA_Q6,RELA,SKIL
V.RELA_Q6,RELA,CDK2
V.RELA_Q6,RELA,RRM2B
V.RELA_Q6,RELA,MOCOS
V.RELA_Q6,RELA,PIAS4
V.RELA_Q6,RELA,SRPK1
V.RELA_Q6,RELA,COL13A1
V.RELA_Q6,RELA,HMGB2
V.RELA_Q6,RELA,GRB2
V.RELBP52_01,RELA,EP300
V.RELBP52_01,RELA,ICAM1
V.RELBP52_01,RELA,YWHAG
V.RELBP52_01,RELA,BUB1
V.RELBP52_01,RELA,TBP
V.RELBP52_01,RELA,RB1
V.RELBP52_01,RELA,CDC27
V.RELBP52_01,RELA,NMT2
V.RELBP52_01,RELA,CSNK2A1
V.RELBP52_01,RELA,BRCA1
V.RELBP52_01,RELA,NFKB1
V.RELBP52_01,RELA,EGFR
V.RELBP52_01,RELA,SNRNP70
V.RELBP52_01,RELA,CHUK
V.RELBP52_01,RELA,PRKDC
V.RELBP52_01,RELA,SMAD2
V.RELBP52_01,RELA,CDC20
V.RELBP52_01,RELA,ITGA5
V.RELBP52_01,RELA,CREBBP
V.RELBP52_01,RELA,IL4R
V.RELBP52_01,RELA,TP53
V.RELBP52_01,RELA,TAF1B
V.RELBP52_01,RELA,THBS1
V.RELBP52_01,RELA,HTT
V.RELBP52_01,RELA,CDC16
V.RELBP52_01,RELA,NDC80
V.RELBP52_01,RELA,PIAS3
V.RELBP52_01,RELA,HMGA2
V.RELBP52_01,RELA,CDK2
V.RELBP52_01,RELA,RRM2B
V.RELBP52_01,RELA,ANAPC10
V.RELBP52_01,RELA,SNRPD2
V.RELBP52_01,RELA,CBL
V.RELBP52_01,RELA,PRKACA
V.RELBP52_01,RELA,PIAS4
V.RELBP52_01,RELA,GRB2
V.RELBP52_01,RELA,ARID3A
V.RELBP52_01,RELA,DDX5
V.RELBP52_01,RELA,SOCS5
V.RELBP52_01,RELA,TEC
V.RELBP52_01,RELA,MAPK8
V.RELBP52_01,RELA,MOCOS
V.RELBP52_01,RELA,SNRPA
V.RELBP52_01,RELA,PPM1D
V.RELBP52_01,RELA,PSMC2
V.RELBP52_01,RELA,LRP1
V.RELBP52_01,RELA,HMGB2
V.TCF4_01,TCF7L2,TEC
V.TCF4_01,TCF7L2,MOCOS
V.TCF4_01,TCF7L2,TOP2A
V.TCF4_01,TCF7L2,PRKDC
V.TCF4_01,TCF7L2,TAF1B
V.TCF4_01,TCF7L2,ITGA5
V.TCF4_01,TCF7L2,CDC27
V.TCF4_01,TCF7L2,GRB2
V.TCF4_01,TCF7L2,NDC80
V.TCF4_01,TCF7L2,FN1
V.TCF4_01,TCF7L2,SCAMP1
V.TCF4_01,TCF7L2,HUWE1
V.TCF4_01,TCF7L2,CDC16
V.TCF4_01,TCF7L2,CKAP5
V.TCF4_01,TCF7L2,CBL
V.TCF4_01,TCF7L2,AURKA
V.TCF4_01,TCF7L2,NMT2
V.TCF4_01,TCF7L2,CSNK2A1
V.TCF4_01,TCF7L2,TP53
V.TCF4_01,TCF7L2,RB1
V.TCF4_01,TCF7L2,HMGB2
V.TCF4_01,TCF7L2,PSMC2
V.TCF4_01,TCF7L2,ANAPC10
V.TCF4_01,TCF7L2,SOCS5
V.TCF4_01,TCF7L2,MAPK8
V.TCF4_01,TCF7L2,TGFA
V.TCF4_01,TCF7L2,COL13A1
V.TCF4_01,TCF7L2,TPX2
V.TCF4_01,TCF7L2,DDX5
V.TCF4_01,TCF7L2,STAT3
V.TCF4_01,TCF7L2,ARIH2
V.TCF4_01,TCF7L2,HDAC1
V.TCF4_01,TCF7L2,PPM1D
V.TCF4_01,TCF7L2,PIAS1
V.TCF4_01,TCF7L2,YWHAG
V.TCF4_01,TCF7L2,CAV1
V.TCF4_01,TCF7L2,CDK1
V.TCF4_01,TCF7L2,MAD2L1
V.TCF4_01,TCF7L2,PTTG1
V.TCF4_01,TCF7L2,PIAS4
V.TCF4_01,TCF7L2,HMGA2
V.TCF4_01,TCF7L2,ANXA1
V.TCF4_01,TCF7L2,CHUK
V.TCF4_01,TCF7L2,PRKCA
V.TCF4_01,TCF7L2,SHC1
V.TCF4_01,TCF7L2,TBP
V.TCF4_01,TCF7L2,EGFR
V.TCF4_01,TCF7L2,ICAM1
V.TCF4_01,TCF7L2,EP300
V.TCF4_01,TCF7L2,CCNA2
V.TCF4_01,TCF7L2,CDK2
V.TCF4_01,TCF7L2,SNRNP70
V.TCF4_01,TCF7L2,LRP1
V.TCF4_01,TCF7L2,PML
V.TCF4_01,TCF7L2,NFKB1
V.TCF4_01,TCF7L2,BRCA1
V.TCF4_01,TCF7L2,BUB1
V.TCF4_01,TCF7L2,CREBBP
V.TCF4_01,TCF7L2,SRPK1
V.TCF4_01,TCF7L2,IL4R
V.TCF4_01,TCF7L2,PIAS3
V.TCF4_06,TCF7L2,CKAP5
V.TCF4_06,TCF7L2,DDX5
V.TCF4_06,TCF7L2,COL13A1
V.TCF4_06,TCF7L2,STAT3
V.TCF4_06,TCF7L2,LRP1
V.TCF4_06,TCF7L2,MAD2L1
V.TCF4_06,TCF7L2,NMT2
V.TCF4_06,TCF7L2,SHC1
V.TCF4_06,TCF7L2,PIAS1
V.TCF4_07,TCF7L2,CDC27
V.TCF4_07,TCF7L2,CKAP5
V.TCF4_07,TCF7L2,FN1
V.TCF4_07,TCF7L2,DDX5
V.TCF4_07,TCF7L2,TEC
V.TCF4_07,TCF7L2,CAV1
V.TCF4_07,TCF7L2,TOP2A
V.TCF4_07,TCF7L2,TP53
V.TCF4_07,TCF7L2,NMT2
V.TCF4_07,TCF7L2,HMGB2
V.TCF4_07,TCF7L2,CBL
V.TCF4_07,TCF7L2,HUWE1
V.TCF4_07,TCF7L2,EGFR
V.TCF4_07,TCF7L2,PPM1D
V.TCF4_07,TCF7L2,CHUK
V.TCF4_07,TCF7L2,AURKA
V.TCF4_07,TCF7L2,LRP1
V.TCF4_07,TCF7L2,HMGA2
V.TCF4_07,TCF7L2,ICAM1
V.TCF4_07,TCF7L2,ANXA1
V.TCF4_07,TCF7L2,PIAS1
V.TCF4_07,TCF7L2,TGFA
V.TCF4_07,TCF7L2,SNRPA
V.TCF4_07,TCF7L2,CDC16
V.TCF4_07,TCF7L2,BUB1
V.TCF4_07,TCF7L2,SOCS5
V.TCF4_07,TCF7L2,MAD2L1
V.TCF4_07,TCF7L2,BRCA1
V.TCF4_07,TCF7L2,EP300
V.TCF4_07,TCF7L2,PTTG1
V.TCF4_07,TCF7L2,CDK1
V.TCF4_07,TCF7L2,PSMC2
V.TCF4_07,TCF7L2,PRKCA
V.TCF4_07,TCF7L2,PML
V.TCF4_07,TCF7L2,SNRNP70
V.TCF4_07,TCF7L2,SHC1
V.TCF4_07,TCF7L2,TPX2
V.TCF4_07,TCF7L2,STAT3
V.TCF4_07,TCF7L2,COL13A1
V.TCF4_07,TCF7L2,SRPK1
V.TCF4_07,TCF7L2,PIAS3
V.TCF4_07,TCF7L2,NDC80
V.TCF4_Q5,TCF7L2,DDX5
V.TCF4_Q5,TCF7L2,CHUK
V.TCF4_Q5,TCF7L2,NMT2
V.TCF4_Q5,TCF7L2,MAD2L1
V.TCF4_Q5,TCF7L2,CKAP5
V.TCF4_Q5,TCF7L2,SOCS5
V.TCF4_Q5,TCF7L2,PSMC2
V.TCF4_Q5,TCF7L2,CDK1
V.TCF4_Q5,TCF7L2,EGFR
V.TCF4_Q5,TCF7L2,STAT3
V.TCF4_Q5,TCF7L2,LRP1
V.TCF4_Q5,TCF7L2,PPM1D
V.TCF4_Q5,TCF7L2,SNRPA
V.TCF4_Q5,TCF7L2,BUB1
V.TCF4_Q5,TCF7L2,PTTG1
V.TCF4_Q5,TCF7L2,PML
V.TCF4_Q5,TCF7L2,HDAC1
V.TCF4_Q5,TCF7L2,AURKA
V.TCF4_Q5,TCF7L2,COL13A1
V.TCF4_Q5,TCF7L2,SHC1
V.TCF4_Q5_02,TCF7L2,SOCS5
V.TCF4_Q5_02,TCF7L2,TOP2A
V.TCF4_Q5_02,TCF7L2,HDAC1
V.TCF4_Q5_02,TCF7L2,AURKA
V.TCF4_Q5_02,TCF7L2,PSMC2
V.TCF4_Q5_02,TCF7L2,BUB1
V.TCF4_Q5_02,TCF7L2,COL13A1
V.TCF4_Q5_02,TCF7L2,STAT3
V.TCF4_Q5_02,TCF7L2,PML
V.TCF4_Q5_02,TCF7L2,CKAP5
V.TCF4_Q5_02,TCF7L2,HMGA2
V.TCF4_Q5_02,TCF7L2,PTTG1
V.TCF4_Q5_02,TCF7L2,CDK1
V.TCF4_Q5_02,TCF7L2,CHUK
V.TCF4_Q5_02,TCF7L2,MAD2L1
V.TCF4_Q5_02,TCF7L2,PIAS1
V.TCF4_Q5_02,TCF7L2,EGFR
V.TCF4_Q5_02,TCF7L2,TPX2
V.TCF4_Q5_02,TCF7L2,DDX5
V.TCF4_Q5_02,TCF7L2,CDC16
V.TCF4_Q5_02,TCF7L2,SHC1
V.TCF4_Q5_02,TCF7L2,LRP1
V.TCF4_Q5_02,TCF7L2,NMT2
V.TCF7L2_07,TCF7L2,SHC1
V.TCF7L2_07,TCF7L2,PIAS1
V.TCF7L2_07,TCF7L2,DDX5
V.TCF7L2_07,TCF7L2,MAD2L1
V.TCF7L2_07,TCF7L2,STAT3
V.TCF7L2_07,TCF7L2,LRP1
V.TCF7L2_07,TCF7L2,COL13A1
V.TFAP4_02,TFAP4,RRM2B
V.TFAP4_02,TFAP4,PTPN11
V.TFAP4_02,TFAP4,PIAS1
V.TFAP4_02,TFAP4,CSNK2A1
V.TFAP4_02,TFAP4,CDK1
V.TFAP4_02,TFAP4,ITGA5
V.TFAP4_02,TFAP4,STAT3
V.TFAP4_02,TFAP4,FN1
V.TFAP4_02,TFAP4,ANAPC10
V.TFAP4_02,TFAP4,PRKACA
V.TFAP4_02,TFAP4,HTT
V.TFAP4_02,TFAP4,SNRPD2
V.TFAP4_02,TFAP4,MAPK8
V.TFAP4_02,TFAP4,THBS1
V.TFAP4_02,TFAP4,PIAS4
V.TFAP4_02,TFAP4,BUB1
V.TFAP4_02,TFAP4,EGFR
V.TFAP4_02,TFAP4,CHUK
V.TFAP4_02,TFAP4,PTTG1
V.TFAP4_02,TFAP4,AURKA
V.TFAP4_02,TFAP4,MOCOS
V.TFAP4_02,TFAP4,NFKB1
V.TFAP4_02,TFAP4,TP53
V.TFAP4_02,TFAP4,CKAP5
V.TFAP4_02,TFAP4,SKIL
V.TFAP4_02,TFAP4,YWHAG
V.TFAP4_02,TFAP4,PRPF40A
V.TFAP4_02,TFAP4,CDK2
V.TFAP4_02,TFAP4,PPM1D
V.TFAP4_02,TFAP4,MAD2L1
V.TFAP4_02,TFAP4,SOCS5
V.TFAP4_02,TFAP4,PML
V.TFAP4_02,TFAP4,NDC80
V.TFAP4_02,TFAP4,TGFA
V.TFAP4_02,TFAP4,SCAMP1
V.TFAP4ETV1_01,TFAP4,MAD2L1
V.TFAP4ETV1_01,TFAP4,TP53
V.TFAP4ETV1_01,TFAP4,NFKB1
V.TFAP4ETV1_01,TFAP4,PRKACA
V.TFAP4ETV1_01,TFAP4,CAV1
V.TFAP4ETV1_01,TFAP4,PRKDC
V.TFAP4ETV1_01,TFAP4,SNRPD2
V.TFAP4ETV1_01,TFAP4,HTT
V.TFAP4ETV1_01,TFAP4,PIAS3
V.TFAP4ETV1_01,TFAP4,ARID3A
V.TFAP4ETV1_01,TFAP4,AURKA
V.TFAP4ETV1_01,TFAP4,PSMC2
V.TFAP4ETV1_01,TFAP4,SHC1
V.TFAP4ETV1_01,TFAP4,TAF1B
V.TFAP4ETV1_01,TFAP4,YWHAG
V.TFAP4ETV1_01,TFAP4,CDC20
V.TFAP4ETV1_01,TFAP4,SOCS5
V.TFAP4ETV1_01,TFAP4,NMT2
V.TFAP4ETV1_01,TFAP4,TGFA
V.TFAP4ETV1_01,TFAP4,MOCOS
V.TFAP4ETV1_01,TFAP4,PML
V.TFAP4ETV1_01,TFAP4,SMAD2
V.TFAP4ETV1_01,TFAP4,RB1
V.TFAP4ETV1_01,TFAP4,SCAMP1
V.TFAP4ETV1_01,TFAP4,FZR1
V.TFAP4ETV1_01,TFAP4,PIAS4
V.TFAP4ETV1_01,TFAP4,TEC
V.TFAP4ETV1_01,TFAP4,RRM2B
V.TFAP4ETV1_01,TFAP4,EP300
V.TFAP4ETV1_01,TFAP4,MAPK8
V.TFAP4ETV1_01,TFAP4,HUWE1
V.TFAP4ETV1_01,TFAP4,ANXA1
V.TFAP4ETV1_01,TFAP4,LRP1
V.TFAP4ETV1_01,TFAP4,STAT3
V.TFAP4ETV1_01,TFAP4,BRCA1
V.TFAP4ETV1_01,TFAP4,TBP
V.TFAP4ETV1_01,TFAP4,CDK2
V.TFAP4ETV1_01,TFAP4,TOP2A
V.TFAP4ETV1_01,TFAP4,JAK2
V.TFAP4ETV1_01,TFAP4,ARIH2
V.TFAP4ETV1_01,TFAP4,PRPF40A
V.TFAP4ETV1_01,TFAP4,GRB2
V.TFAP4ETV1_01,TFAP4,HMGA2
V.TFAP4ETV1_01,TFAP4,HDAC1
V.TFAP4ETV1_01,TFAP4,SKIL
V.TFAP4ETV1_01,TFAP4,ANAPC10
V.TFAP4ETV1_01,TFAP4,CCNA2
V.TFAP4ETV1_01,TFAP4,SNRNP70
V.TFAP4ETV1_01,TFAP4,PRKCA
V.TFAP4ETV1_01,TFAP4,THBS1
V.TFAP4ETV1_01,TFAP4,PTPN11
V.TFAP4ETV1_01,TFAP4,CDC27
V.TFAP4ETV1_01,TFAP4,CDK1
V.TFAP4ETV1_01,TFAP4,CREBBP
V.TFAP4ETV1_01,TFAP4,CSNK2A1
V.TFAP4ETV1_01,TFAP4,HMGB2
V.TFAP4ETV1_01,TFAP4,PTTG1
V.TFAP4ETV1_01,TFAP4,CHUK
V.TFAP4ETV1_01,TFAP4,CDC16
V.TFAP4ETV1_01,TFAP4,SRPK1
V.TFAP4ETV1_01,TFAP4,NDC80
V.TFAP4ETV1_01,TFAP4,PIAS1
V.TFAP4ETV1_01,TFAP4,CKAP5
V.TFAP4ETV1_01,TFAP4,TPX2
V.TFAP4ETV1_01,TFAP4,BUB1
V.TFAP4ETV1_01,TFAP4,IL4R
V.TFAP4ETV1_01,TFAP4,PPM1D
V.TFAP4ETV1_01,TFAP4,COL13A1
V.TFAP4ETV1_01,TFAP4,ICAM1
V.TFAP4ETV1_01,TFAP4,EGFR
V.TFAP4ETV1_01,TFAP4,FN1
V.TFAP4ETV1_01,TFAP4,DDX5
V.TFAP4ETV1_01,TFAP4,ITGA5
V.TFAP4ETV1_01,TFAP4,CBL
V.TFAP4ETV1_01,TFAP4,SNRPA
V.TFAP4ETV4_01,TFAP4,CCNA2
V.TFAP4ETV4_01,TFAP4,PSMC2
V.TFAP4ETV4_01,TFAP4,THBS1
V.TFAP4ETV4_01,TFAP4,FZR1
V.TFAP4ETV4_01,TFAP4,PML
V.TFAP4ETV4_01,TFAP4,EP300
V.TFAP4ETV4_01,TFAP4,PTPN11
V.TFAP4ETV4_01,TFAP4,RRM2B
V.TFAP4ETV4_01,TFAP4,GRB2
V.TFAP4ETV4_01,TFAP4,EGFR
V.TFAP4ETV4_01,TFAP4,ICAM1
V.TFAP4ETV4_01,TFAP4,TEC
V.TFAP4ETV4_01,TFAP4,HMGB2
V.TFAP4ETV4_01,TFAP4,SNRNP70
V.TFAP4ETV4_01,TFAP4,CDC20
V.TFAP4ETV4_01,TFAP4,BRCA1
V.TFAP4ETV4_01,TFAP4,NFKB1
V.TFAP4ETV4_01,TFAP4,ARIH2
V.TFAP4ETV4_01,TFAP4,PIAS1
V.TFAP4ETV4_01,TFAP4,PRPF40A
V.TFAP4ETV4_01,TFAP4,HTT
V.TFAP4ETV4_01,TFAP4,HDAC1
V.TFAP4ETV4_01,TFAP4,RB1
V.TFAP4ETV4_01,TFAP4,ITGA5
V.TFAP4ETV4_01,TFAP4,NMT2
V.TFAP4ETV4_01,TFAP4,ANAPC10
V.TFAP4ETV4_01,TFAP4,NDC80
V.TFAP4ETV4_01,TFAP4,AURKA
V.TFAP4ETV4_01,TFAP4,JAK2
V.TFAP4ETV4_01,TFAP4,TBP
V.TFAP4ETV4_01,TFAP4,CDK1
V.TFAP4ETV4_01,TFAP4,PRKCA
V.TFAP4ETV4_01,TFAP4,FN1
V.TFAP4ETV4_01,TFAP4,IL4R
V.TFAP4ETV4_01,TFAP4,YWHAG
V.TFAP4ETV4_01,TFAP4,MAPK8
V.TFAP4ETV4_01,TFAP4,SKIL
V.TFAP4ETV4_01,TFAP4,ANXA1
V.TFAP4ETV4_01,TFAP4,CBL
V.TFAP4ETV4_01,TFAP4,TAF1B
V.TFAP4ETV4_01,TFAP4,PPM1D
V.TFAP4ETV4_01,TFAP4,SMAD2
V.TFAP4ETV4_01,TFAP4,TPX2
V.TFAP4ETV4_01,TFAP4,CDC16
V.TFAP4ETV4_01,TFAP4,HMGA2
V.TFAP4ETV4_01,TFAP4,PTTG1
V.TFAP4ETV4_01,TFAP4,ARID3A
V.TFAP4ETV4_01,TFAP4,CSNK2A1
V.TFAP4ETV4_01,TFAP4,SCAMP1
V.TFAP4ETV4_01,TFAP4,SNRPA
V.TFAP4ETV4_01,TFAP4,CDC27
V.TFAP4ETV4_01,TFAP4,PRKACA
V.TFAP4ETV4_01,TFAP4,PRKDC
V.TFAP4ETV4_01,TFAP4,CDK2
V.TFAP4ETV4_01,TFAP4,STAT3
V.TFAP4ETV4_01,TFAP4,TP53
V.TFAP4ETV4_01,TFAP4,CREBBP
V.TFAP4ETV4_01,TFAP4,SRPK1
V.TFAP4ETV4_01,TFAP4,CHUK
V.TFAP4ETV4_01,TFAP4,BUB1
V.TFAP4ETV4_01,TFAP4,MAD2L1
V.TFAP4ETV4_01,TFAP4,CAV1
V.TFAP4ETV4_01,TFAP4,LRP1
V.TFAP4ETV4_01,TFAP4,TOP2A
V.TFAP4ETV4_01,TFAP4,SNRPD2
V.TFAP4ETV4_01,TFAP4,COL13A1
V.TFAP4ETV4_01,TFAP4,PIAS3
V.TFAP4ETV4_01,TFAP4,TGFA
V.TFAP4ETV4_01,TFAP4,CKAP5
V.TFAP4ETV4_01,TFAP4,MOCOS
V.TFAP4ETV4_01,TFAP4,HUWE1
V.TFAP4ETV4_01,TFAP4,PIAS4
V.TFIII_Q6,GTF2I,PIAS4
V.TFIII_Q6,GTF2I,PRKDC
V.TFIII_Q6,GTF2I,NFKB1
V.TFIII_Q6,GTF2I,ARID3A
V.TFIII_Q6,GTF2I,STAT3
V.TFIII_Q6,GTF2I,FZR1
V.TFIII_Q6,GTF2I,TPX2
V.TFIII_Q6,GTF2I,SNRPD2
V.TFIII_Q6,GTF2I,PML
V.TFIII_Q6,GTF2I,AURKA
V.TFIII_Q6,GTF2I,TGFA
V.TFIII_Q6,GTF2I,PIAS3
V.TFIII_Q6,GTF2I,SHC1
V.TFIII_Q6,GTF2I,ANXA1
V.TFIII_Q6,GTF2I,ANAPC10
V.TFIII_Q6,GTF2I,MOCOS
V.TFIII_Q6,GTF2I,SNRPA
V.TFIII_Q6,GTF2I,SOCS5
V.TFIII_Q6,GTF2I,PPM1D
V.TFIII_Q6,GTF2I,FN1
V.TFIII_Q6,GTF2I,CREBBP
V.TFIII_Q6,GTF2I,PRKCA
V.TFIII_Q6,GTF2I,BRCA1
V.TFIII_Q6,GTF2I,TBP
V.TFIII_Q6,GTF2I,ARIH2
V.TFIII_Q6,GTF2I,THBS1
V.TFIII_Q6,GTF2I,BUB1
V.TFIII_Q6,GTF2I,CDK2
V.TFIII_Q6,GTF2I,SKIL
V.TFIII_Q6,GTF2I,RRM2B
V.TFIII_Q6,GTF2I,ITGA5
V.TFIII_Q6,GTF2I,SRPK1
V.TFIII_Q6,GTF2I,LRP1
V.TFIII_Q6,GTF2I,PIAS1
V.TFIII_Q6,GTF2I,HTT
V.TFIII_Q6,GTF2I,JAK2
V.TFIII_Q6,GTF2I,COL13A1
V.TFIII_Q6,GTF2I,ICAM1
V.TFIII_Q6,GTF2I,CSNK2A1
V.TFIII_Q6,GTF2I,TOP2A
V.TFIII_Q6,GTF2I,PRPF40A
V.TFIII_Q6,GTF2I,NMT2
V.TFIII_Q6,GTF2I,EGFR
V.TFIII_Q6,GTF2I,HMGB2
V.TFIII_Q6,GTF2I,CAV1
V.TFIII_Q6,GTF2I,CBL
V.TFIII_Q6,GTF2I,CCNA2
