Gene,Chr,Start Position,End Position,Variant Classification,Variant Annotation,Variant Type,Reference Allele,Tumor Seq Allele,dbSNP ID,Annotation Transcript,Protein Change,CGA WES alt:ref,CCLE WGS alt:ref,CCLE RNAseq alt:ref,Sanger WES alt:ref,CCLE HC1650 alt:ref,CCLE Raindance alt:ref,ExAC Allelic Fraction,TCGA Hotspot count,Cosmic Hs Cnt
ATAD3B,1,1430882,1430882,Silent,silent,SNP,C,G,NA,ENST00000308647.7,p.S544S,NA,26:04:00,183:90,26:28:00,NA,NA,,0,0
CHD5,1,6191738,6191738,Frame_Shift_Del,damaging,DEL,C,-,NA,ENST00000262450.3,p.G1073fs,NA,11:22,NA,21:27,NA,NA,,0,0
CAMTA1,1,6845412,6845412,De_novo_Start_OutOfFrame,damaging,SNP,C,A,NA,ENST00000303635.7,NA,NA,14:03,NA,NA,NA,NA,,0,0
CAMTA1,1,7309668,7309668,Silent,silent,SNP,C,T,NA,ENST00000303635.7,p.L140L,NA,26:09:00,NA,42:44:00,NA,NA,,0,0
FBXO44,1,11718597,11718597,Missense_Mutation,other non-conserving,SNP,C,T,rs201678753,ENST00000251547.5,p.L134F,NA,8:28,7:14,16:13,NA,NA,2.47E-05,0,0
TNFRSF1B,1,12251943,12251943,Silent,silent,SNP,G,C,NA,ENST00000376259.3,p.L140L,NA,23:10,9:07,7:12,13:05,NA,,0,0
PADI2,1,17411141,17411141,Missense_Mutation,other non-conserving,SNP,C,G,NA,ENST00000375486.4,p.W297C,NA,15:15,NA,NA,NA,NA,,0,0
EIF4G3,1,21295971,21295971,Missense_Mutation,other non-conserving,SNP,G,A,NA,ENST00000264211.8,p.P181L,NA,19:08,100:53:00,34:60,NA,NA,,0,0
RHCE,1,25712213,25712213,Silent,silent,SNP,G,A,NA,ENST00000294413.7,p.N354N,NA,20:10,NA,47:62,NA,NA,8.24E-06,0,0
HEYL,1,40092499,40092499,Missense_Mutation,other non-conserving,SNP,G,A,NA,ENST00000372852.3,p.R223C,NA,17:15,NA,NA,NA,NA,8.36E-06,0,0
MYCL,1,40363463,40363463,Missense_Mutation,other non-conserving,SNP,C,T,NA,ENST00000372816.2,p.E226K,NA,10:29,NA,61:74,85:167,NA,1.65E-05,0,0
ERMAP,1,43296457,43296457,Missense_Mutation,other non-conserving,SNP,G,C,NA,ENST00000372517.2,p.G35A,NA,20:08,NA,NA,NA,NA,,0,0
TIE1,1,43773118,43773118,Missense_Mutation,other non-conserving,SNP,G,A,NA,ENST00000372476.3,p.R263H,NA,14:25,NA,18:30,NA,NA,8.24E-06,0,0
PLK3,1,45266347,45266347,Splice_Site,damaging,SNP,T,C,NA,ENST00000372201.4,NA,NA,18:08,15:01,NA,NA,NA,,0,0
CCDC17,1,46087590,46087590,Missense_Mutation,other non-conserving,SNP,G,A,NA,ENST00000528266.1,p.P349S,NA,NA,NA,15:25,NA,NA,,0,0
ODF2L,1,86848662,86848662,Missense_Mutation,other non-conserving,SNP,T,G,NA,ENST00000359242.3,p.E153D,NA,20:09,50:26:00,53:73,NA,NA,,0,0
GTF2B,1,89325822,89325822,Splice_Site,damaging,SNP,C,A,NA,ENST00000370500.5,NA,NA,15:21,NA,45:94,NA,NA,,0,0
ABCA4,1,94502904,94502904,Missense_Mutation,other non-conserving,SNP,C,T,rs61750127,ENST00000370225.3,p.D1204N,NA,13:36,NA,22:40,NA,NA,8.24E-06,0,0
LRIG2,1,113655185,113655185,Missense_Mutation,other non-conserving,SNP,A,G,NA,ENST00000361127.5,p.H628R,NA,34:14:00,22:12,127:75,NA,NA,,0,0
OLFML3,1,114524167,114524167,Missense_Mutation,other non-conserving,SNP,G,A,NA,ENST00000320334.4,p.V333I,NA,34:08:00,NA,50:30:00,NA,NA,8.24E-06,0,0
ANKRD34A,1,145473531,145473531,Missense_Mutation,other non-conserving,SNP,C,T,NA,ENST00000323397.4,p.A68V,NA,14:23,NA,26:64,NA,NA,,0,0
ADAMTSL4,1,150532541,150532541,Missense_Mutation,other non-conserving,SNP,C,A,NA,ENST00000369038.2,p.Q1032K,NA,13:23,10:27,51:132,NA,NA,8.24E-06,0,0
NUP210L,1,153982597,153982597,Splice_Site,damaging,SNP,C,G,NA,ENST00000368559.3,p.G1594A,NA,15:30,NA,42:74,NA,NA,,0,0
OR6P1,1,158532982,158532982,Missense_Mutation,other non-conserving,SNP,G,T,NA,ENST00000334632.1,p.S138Y,NA,10:19,NA,28:75,NA,NA,,0,0
OR10J5,1,159505322,159505322,Missense_Mutation,other non-conserving,SNP,T,A,NA,ENST00000334857.2,p.H159L,NA,10:17,NA,NA,NA,NA,,0,0
FCGR2B,1,161647337,161647337,Silent,silent,SNP,T,C,NA,ENST00000358671.5,p.R309R,NA,10:17,NA,70:151,53:123,NA,,0,0
RGS5,1,163117144,163117144,Missense_Mutation,other non-conserving,SNP,C,A,NA,ENST00000313961.5,p.E178D,NA,NA,3:09,36:71,NA,NA,,0,0
TPR,1,186296606,186296606,Missense_Mutation,other non-conserving,SNP,C,A,NA,ENST00000367478.4,p.D1959Y,NA,3:13,241:518,68:123,23:38,NA,,0,0
ASPM,1,197074117,197074117,Missense_Mutation,other non-conserving,SNP,A,G,NA,ENST00000367409.4,p.S1422P,NA,19:26,39:74,45:120,NA,NA,,0,0
CRB1,1,197390656,197390656,Silent,silent,SNP,G,A,NA,ENST00000367400.3,p.E566E,NA,NA,NA,58:116,NA,NA,,0,0
DENND1B,1,197611911,197611911,Missense_Mutation,other non-conserving,SNP,T,C,NA,ENST00000367396.3,p.N201S,NA,8:23,10:13,17:49,NA,NA,,0,0
DENND1B,1,197627469,197627469,Silent,silent,SNP,C,T,NA,ENST00000367396.3,p.K109K,NA,8:16,NA,70:167,NA,NA,8.28E-06,0,0
KIF14,1,200571028,200571028,Silent,silent,SNP,A,G,rs367922682,ENST00000367350.4,p.I716I,NA,10:29,50:69,43:108,NA,NA,1.65E-05,0,0
KCNH1,1,210857409,210857409,Silent,silent,SNP,G,T,NA,ENST00000271751.4,p.P728P,NA,22:10,NA,32:27:00,NA,NA,,0,0
USH2A,1,215990516,215990516,Silent,silent,SNP,C,A,NA,ENST00000307340.3,p.V3131V,NA,12:16,NA,33:83,NA,NA,,0,0
CNIH4,1,224553630,224553630,Missense_Mutation,other non-conserving,SNP,T,C,NA,ENST00000465271.1,p.L63P,NA,9:40,269:596,67:135,NA,NA,,0,0
DNAH14,1,225569220,225569220,Missense_Mutation,other non-conserving,SNP,C,T,NA,ENST00000445597.2,p.T3229I,NA,18:20,NA,NA,NA,NA,,0,0
LBR,1,225605729,225605729,Missense_Mutation,other non-conserving,SNP,C,A,NA,ENST00000338179.2,p.W265L,NA,14:22,170:316,0.923611111,NA,NA,,0,0
CDC42BPA,1,227211026,227211026,Missense_Mutation,other non-conserving,SNP,C,G,NA,ENST00000366769.3,p.G1483A,NA,14:28,53:96,14:33,24:63,NA,,0,0
SNAP47,1,227946792,227946792,Missense_Mutation,other non-conserving,SNP,G,A,NA,ENST00000366759.4,p.M243I,NA,11:16,39:132,81:194,NA,NA,,0,0
WNT3A,1,228238588,228238588,Missense_Mutation,other non-conserving,SNP,C,T,NA,ENST00000284523.1,p.A182V,NA,NA,NA,9:13,NA,NA,,0,0
HEATR1,1,236721608,236721608,Silent,silent,SNP,C,T,NA,ENST00000366582.3,p.L1711L,NA,10:21,34:39:00,0.929166667,NA,NA,,0,0
FMN2,1,240371243,240371243,Missense_Mutation,other non-conserving,SNP,C,T,rs202165125,ENST00000319653.9,p.P1044L,NA,NA,NA,4:25,NA,NA,,0,0
CEP170,1,243328760,243328760,Silent,silent,SNP,C,T,NA,ENST00000366542.1,p.V834V,NA,6:15,53:104,NA,NA,NA,,0,0
ZNF695,1,247150350,247150350,Frame_Shift_Del,damaging,DEL,C,-,NA,ENST00000339986.7,p.E489fs,NA,7:31,4:00,36:126,NA,NA,,0,0
OR2L5,1,248186153,248186153,Silent,silent,SNP,C,A,rs545040643,ENST00000355281.1,p.R302R,NA,9:15,NA,NA,NA,NA,,0,0
OR2M2,1,248344267,248344267,Missense_Mutation,other non-conserving,SNP,T,C,NA,ENST00000359682.2,p.F327S,NA,18:08,NA,241:196,NA,NA,,0,0
OR2T4,1,248525557,248525557,Silent,silent,SNP,A,G,NA,ENST00000366475.1,p.S225S,NA,9:29,NA,61:169,NA,NA,,0,0
OR2T10,1,248756584,248756584,Silent,silent,SNP,G,A,rs199844378,ENST00000330500.2,p.I162I,NA,NA,NA,0.390277778,NA,NA,0.0001426,4,0
TUBB8,10,93954,93954,Missense_Mutation,other non-conserving,SNP,G,C,NA,ENST00000309812.4,p.S126R,NA,21:11,NA,81:112,NA,NA,,0,0
ITIH5,10,7684028,7684028,De_novo_Start_OutOfFrame,damaging,SNP,A,C,NA,ENST00000446830.2,NA,NA,NA,NA,26:55:00,NA,NA,8.24E-06,0,0
BEND7,10,13542072,13542072,Missense_Mutation,other non-conserving,SNP,T,C,NA,ENST00000396900.2,p.S52G,NA,18:14,46:15:00,89:41:00,NA,NA,4.12E-05,0,0
FAM171A1,10,15255460,15255460,Silent,silent,SNP,G,A,NA,ENST00000378116.4,p.F709F,NA,10:23,66:146,NA,NA,NA,,0,0
ZNF438,10,31138658,31138658,Missense_Mutation,other non-conserving,SNP,C,G,NA,ENST00000361310.3,p.E226Q,NA,17:32,9:14,48:140,NA,NA,,0,0
ZNF239,10,44053382,44053382,Missense_Mutation,other non-conserving,SNP,G,A,rs371068908,ENST00000306006.6,p.T49I,NA,36:06:00,26:13:00,99:77,NA,NA,2.48E-05,0,0
PCDH15,10,55583094,55583094,Missense_Mutation,other non-conserving,SNP,T,A,NA,ENST00000320301.6,p.Q1464H,NA,20:07,NA,109:50:00,63:32:00,NA,,0,0
RHOBTB1,10,62645965,62645965,Nonsense_Mutation,damaging,SNP,C,A,NA,ENST00000337910.5,p.G494*,NA,18:07,4:11,93:42:00,NA,NA,,0,0
HKDC1,10,70992653,70992653,Silent,silent,SNP,C,T,rs144529058,ENST00000354624.5,p.R120R,NA,NA,NA,26:210,NA,NA,2.47E-05,0,0
ECD,10,74899117,74899117,Missense_Mutation,other non-conserving,SNP,C,T,NA,ENST00000372979.4,p.M457I,NA,7:23,27:74,NA,NA,NA,,0,0
CDHR1,10,85971948,85971948,Missense_Mutation,other non-conserving,SNP,C,T,NA,ENST00000372117.3,p.P523S,NA,20:10,NA,86:12:00,NA,NA,,0,0
RGR,10,86014088,86014088,Silent,silent,SNP,C,T,NA,ENST00000359452.4,p.F177F,NA,9:17,NA,NA,NA,NA,,0,0
FGFBP3,10,93668048,93668048,Missense_Mutation,other non-conserving,SNP,G,T,NA,ENST00000311575.5,p.P227T,NA,9:27,3:08,NA,NA,NA,,0,0
MMS19,10,99219884,99219884,Missense_Mutation,other non-conserving,SNP,C,T,NA,ENST00000438925.2,p.E859K,NA,20:11,174:85,184:10:00,NA,NA,8.24E-06,0,0
ENTPD7,10,101421276,101421276,Missense_Mutation,other non-conserving,SNP,C,T,NA,ENST00000370489.4,p.R28W,NA,14:15,8:20,NA,NA,NA,,0,0
LZTS2,10,102765252,102765252,Missense_Mutation,other non-conserving,SNP,G,T,rs141703875,ENST00000370220.1,p.R369L,NA,11:17,61:153,NA,NA,NA,,0,0
SLC18A2,10,119017341,119017341,Missense_Mutation,other non-conserving,SNP,T,C,NA,ENST00000298472.5,p.M310T,NA,4:27,NA,NA,NA,NA,,0,0
FAM45A,10,120867562,120867562,Silent,silent,SNP,A,G,NA,ENST00000361432.2,p.K46K,NA,29:07:00,248:80,213:21:00,NA,NA,,0,0
C10orf88,10,124692048,124692048,Missense_Mutation,other non-conserving,SNP,C,A,NA,ENST00000481909.1,p.K411N,NA,8:15,16:40,34:74,NA,NA,,0,0
FANK1,10,127697075,127697075,Missense_Mutation,other non-conserving,SNP,G,A,NA,ENST00000368693.1,p.A269T,NA,NA,NA,30:123,NA,NA,8.24E-06,0,0
MKI67,10,129902653,129902653,Missense_Mutation,other non-conserving,SNP,A,G,NA,ENST00000368654.3,p.I2484T,NA,12:24,159:491,NA,NA,NA,8.24E-06,0,0
ADAM8,10,135081456,135081456,Missense_Mutation,other non-conserving,SNP,C,T,NA,ENST00000445355.3,p.A744T,NA,24:15:00,263:94,7:00,NA,NA,,0,0
MRPL23,11,1993986,1993986,Silent,silent,SNP,C,G,NA,ENST00000397297.3,p.L165L,NA,12:13,NA,NA,NA,NA,,0,0
OR51D1,11,4661717,4661717,Missense_Mutation,other non-conserving,SNP,C,G,NA,ENST00000357605.2,p.L233V,NA,12:24,NA,28:70,NA,NA,,0,0
OR52H1,11,5566468,5566468,Missense_Mutation,other non-conserving,SNP,C,G,NA,ENST00000322653.4,p.G96R,NA,10:15,NA,42:72,NA,NA,,0,0
OR56A4,11,6023313,6023313,Nonsense_Mutation,damaging,SNP,G,A,rs370891457,ENST00000330728.4,p.Q356*,NA,12:25,NA,48:108,NA,NA,,0,0
DCHS1,11,6643597,6643597,Missense_Mutation,other non-conserving,SNP,C,A,NA,ENST00000299441.3,p.A3104S,NA,22:10,NA,7:05,NA,NA,,0,0
DCHS1,11,6647613,6647613,Splice_Site,damaging,SNP,T,A,NA,ENST00000299441.3,NA,NA,NA,NA,0.961111111,NA,NA,,0,0
EIF4G2,11,10823932,10823932,Silent,silent,SNP,G,A,NA,ENST00000526148.1,p.D349D,NA,23:11,588:338,134:85,NA,NA,,0,0
KIAA1549L,11,33640210,33640210,Splice_Site,damaging,SNP,T,C,NA,ENST00000321505.4,NA,NA,NA,NA,16:36,NA,NA,,0,0
EXT2,11,44257923,44257923,Silent,silent,SNP,G,A,NA,ENST00000343631.3,p.E672E,NA,22:03,273:132,44:27:00,50:28:00,NA,,0,0
PSMC3,11,47444153,47444153,Missense_Mutation,other non-conserving,SNP,C,A,NA,ENST00000298852.3,p.D286Y,NA,11:33,273:618,54:113,NA,NA,,0,0
PSMC3,11,47444486,47444486,Missense_Mutation,other non-conserving,SNP,C,A,NA,ENST00000298852.3,p.E210D,NA,6:27,233:627,76:135,NA,NA,,0,0
PSMC3,11,47446725,47446725,Missense_Mutation,other non-conserving,SNP,C,G,NA,ENST00000298852.3,p.E78Q,NA,10:25,278:687,32:99,NA,NA,,0,0
OR5F1,11,55761984,55761984,Silent,silent,SNP,G,A,NA,ENST00000278409.1,p.L40L,NA,23:11,NA,66:45:00,NA,NA,,0,0
PRG2,11,57155302,57155302,Missense_Mutation,other non-conserving,SNP,G,A,rs142359007,ENST00000311862.5,p.R179C,NA,10:21,3:06,5:05,NA,NA,,0,1
SMTNL1,11,57313410,57313412,In_Frame_Del,other non-conserving,DEL,AGA,-,NA,ENST00000399154.2,p.K290del,NA,NA,NA,0.428472222,NA,NA,,0,0
CTNND1,11,57575731,57575731,Silent,silent,SNP,A,C,NA,ENST00000399050.4,p.G686G,NA,10:21,87:280,NA,NA,NA,,0,0
OR5B21,11,58275328,58275328,Missense_Mutation,other non-conserving,SNP,C,T,rs200518896,ENST00000360374.2,p.R84Q,NA,NA,NA,4:45,NA,NA,8.24E-05,3,0
MS4A3,11,59828671,59828671,Nonsense_Mutation,damaging,SNP,C,A,NA,ENST00000278865.3,p.S13*,NA,16:13,NA,61:42:00,NA,NA,,0,0
MS4A3,11,59829991,59829992,Missense_Mutation,other non-conserving,DNP,GG,TA,rs140838251|rs148106111,ENST00000278865.3,p.G70S,NA,NA,NA,76:55:00,NA,NA,,0,0
SCGB2A2,11,62038469,62038469,Missense_Mutation,other non-conserving,SNP,G,A,NA,ENST00000227918.2,p.A58T,NA,15:26,NA,54:124,NA,NA,8.24E-06,0,0
AHNAK,11,62289517,62289517,Silent,silent,SNP,G,C,NA,ENST00000378024.4,p.L4124L,NA,28:12:00,313:173,106:83,NA,NA,,0,0
SLC22A9,11,63176280,63176280,Silent,silent,SNP,C,T,NA,ENST00000279178.3,p.G510G,NA,NA,NA,45:91,NA,NA,8.24E-06,0,0
NRXN2,11,64402898,64402898,Missense_Mutation,other non-conserving,SNP,C,A,rs141426534,ENST00000377551.1,p.G1144W,NA,20:28,NA,7:23,NA,NA,3.30E-05,0,0
RIN1,11,66102679,66102679,Silent,silent,SNP,C,A,rs372027006,ENST00000311320.4,p.P197P,NA,18:18,51:57:00,8:10,NA,NA,,0,0
LRP5,11,68181467,68181467,Silent,silent,SNP,C,T,rs376937882,ENST00000294304.7,p.S938S,NA,14:29,126:136,8:19,NA,NA,4.13E-05,0,0
CREBZF,11,85375780,85375780,Missense_Mutation,other non-conserving,SNP,G,A,,ENST00000527447.1,p.A47V,NA,10:16,44:78,21:30,NA,NA,2.54E-05,0,0
TMEM135,11,87020688,87020688,Missense_Mutation,other non-conserving,SNP,C,G,NA,ENST00000305494.5,p.L304V,NA,18:27,11:21,58:125,NA,NA,,0,0
FAT3,11,92532247,92532247,Missense_Mutation,other non-conserving,SNP,G,T,NA,ENST00000298047.6,p.G2023V,NA,22:34,NA,117:235,NA,NA,,0,0
FAT3,11,92623915,92623915,Missense_Mutation,other non-conserving,SNP,C,T,rs371883255,ENST00000298047.6,p.S4469F,NA,27:12:00,6:02,59:30:00,NA,NA,4.13E-05,0,0
PANX1,11,93886743,93886743,Nonsense_Mutation,damaging,SNP,C,T,NA,ENST00000227638.3,p.Q90*,NA,13:40,34:139,37:96,NA,NA,,0,0
CCDC82,11,96098162,96098162,Silent,silent,SNP,G,A,NA,ENST00000278520.5,p.F454F,NA,NA,NA,45:77,NA,NA,,0,0
MMP1,11,102662148,102662148,Missense_Mutation,other non-conserving,SNP,G,C,NA,ENST00000315274.6,p.P371R,NA,13:40,52:170,88:223,104:339,NA,8.24E-06,0,0
CWF19L2,11,107219706,107219706,Missense_Mutation,other non-conserving,SNP,C,A,NA,ENST00000282251.5,p.R720I,NA,27:09:00,29:19:00,136:104,NA,NA,,0,0
ATM,11,108142070,108142070,Missense_Mutation,other non-conserving,SNP,A,T,rs146531614,ENST00000452508.2,p.N1005I,NA,NA,NA,83:239,NA,NA,,0,0
PCSK7,11,117100406,117100406,Missense_Mutation,other non-conserving,SNP,G,C,NA,ENST00000320934.3,p.P52R,NA,35:21:00,53:23:00,24:25:00,30:19:00,NA,,0,0
TMPRSS13,11,117774330,117774330,Missense_Mutation,other non-conserving,SNP,C,T,NA,ENST00000445164.2,p.G573R,NA,NA,NA,10:28,NA,NA,,0,0
TMPRSS13,11,117780523,117780523,Silent,silent,SNP,G,A,NA,ENST00000430170.2,p.F369F,NA,11:37,NA,8:19,NA,NA,8.26E-06,0,0
KMT2A,11,118343076,118343076,Missense_Mutation,other non-conserving,SNP,C,A,NA,ENST00000389506.5,p.T401K,NA,NA,NA,57:135,NA,NA,,0,0
CXCR5,11,118764730,118764730,Silent,silent,SNP,C,T,NA,ENST00000292174.4,p.R159R,NA,23:27,NA,NA,NA,NA,,0,0
PDZD3,11,119059839,119059839,Silent,silent,SNP,G,A,NA,ENST00000531114.1,p.E537E,NA,16:38,NA,13:25,NA,NA,8.24E-06,0,0
SORL1,11,121478863,121478863,Silent,silent,SNP,C,T,NA,ENST00000260197.7,p.S1739S,NA,10:38,12:35,26:57:00,44:110,NA,,0,0
OR4D5,11,123810829,123810829,Missense_Mutation,other non-conserving,SNP,G,C,NA,ENST00000307033.2,p.C169S,NA,16:22,NA,25:73,NA,NA,,0,0
CCDC15,11,124829126,124829127,Frame_Shift_Ins,damaging,INS,-,A,NA,ENST00000344762.5,p.RK98fs,NA,NA,5:15,NA,NA,NA,,0,0
STT3A,11,125483994,125483994,Missense_Mutation,other non-conserving,SNP,A,T,NA,ENST00000529196.1,p.M523L,NA,32:16:00,629:314,99:68,NA,NA,8.24E-06,0,0
NCAPD3,11,134086883,134086883,Missense_Mutation,other non-conserving,SNP,C,A,NA,ENST00000534548.2,p.R110L,NA,15:36,NA,39:97,32:75,NA,,0,0
WNK1,12,970240,970240,Missense_Mutation,other non-conserving,SNP,G,T,NA,ENST00000315939.6,p.R561I,NA,8:15,63:140,166:230,65:88,NA,,0,0
DCP1B,12,2074838,2074838,Missense_Mutation,other non-conserving,SNP,C,G,NA,ENST00000280665.6,p.L136F,NA,10:28,5:13,16:28,NA,NA,,0,0
ANO2,12,5756901,5756901,Missense_Mutation,other non-conserving,SNP,A,C,NA,ENST00000356134.5,p.L539V,NA,11:15,NA,NA,NA,NA,,0,0
USP5,12,6965297,6965297,Missense_Mutation,other non-conserving,SNP,G,A,NA,ENST00000229268.8,p.D141N,NA,8:27,273:340,NA,NA,NA,,0,0
AICDA,12,8758031,8758036,In_Frame_Del,other non-conserving,DEL,GTCCCA,-,rs104894325,ENST00000229335.6,p.WD68del,NA,9:13,NA,15:25,NA,NA,,0,0
PRB4,12,11461771,11461771,Missense_Mutation,other non-conserving,SNP,C,T,NA,ENST00000535904.1,p.R49H,NA,8:18,NA,120:171,NA,NA,8.24E-06,0,0
KRAS,12,25398281,25398281,Missense_Mutation,other non-conserving,SNP,C,T,rs112445441,ENST00000256078.4,p.G13D,NA,20:10,47:27:00,16:35,68:44:00,NA,,147,3291
ALG10,12,34175672,34175673,Frame_Shift_Del,damaging,DEL,GC,-,NA,ENST00000266483.2,p.R47fs,NA,13:25,3:20,75:128,NA,NA,,0,0
LRRK2,12,40753186,40753186,Missense_Mutation,other non-conserving,SNP,T,G,rs200690628,ENST00000298910.7,p.I2323S,NA,8:12,NA,NA,36:73,NA,,0,0
MUC19,12,40873650,40873650,Missense_Mutation,other non-conserving,SNP,C,A,rs113061029,ENST00000454784.4,p.T1732K,NA,12:10,NA,NA,NA,NA,,0,0
DBX2,12,45444567,45444567,Silent,silent,SNP,G,T,NA,ENST00000332700.6,p.G48G,NA,4:10,NA,3:01,NA,NA,,0,0
AQP2,12,50349344,50349344,Missense_Mutation,other non-conserving,SNP,G,T,NA,ENST00000199280.3,p.V257L,NA,12:19,NA,3:04,NA,NA,,0,0
AVPR1A,12,63544234,63544234,Missense_Mutation,other non-conserving,SNP,T,G,NA,ENST00000299178.2,p.K128T,NA,5:25,NA,NA,NA,NA,,0,0
TBC1D30,12,65221663,65221663,Missense_Mutation,other non-conserving,SNP,A,G,NA,ENST00000229088.6,p.N231S,NA,12:11,NA,NA,NA,NA,,0,0
DYRK2,12,68051357,68051357,Missense_Mutation,other non-conserving,SNP,G,T,NA,ENST00000344096.3,p.V224F,NA,11:08,23:43,17:30,21:25,NA,,0,0
TRHDE,12,72956737,72956737,Silent,silent,SNP,A,G,NA,ENST00000261180.4,p.A608A,NA,5:23,NA,74:97,NA,NA,8.24E-06,0,0
LUM,12,91502008,91502008,Missense_Mutation,other non-conserving,SNP,G,C,NA,ENST00000266718.4,p.S250C,NA,14:22,4:03,59:102,NA,NA,,5,0
KSR2,12,117993053,117993053,Missense_Mutation,other non-conserving,SNP,T,C,rs564347724,ENST00000339824.5,p.N480S,NA,13:09,NA,179:112,95:52:00,NA,4.14E-05,0,0
SACS,13,23908667,23908667,Missense_Mutation,other non-conserving,SNP,C,G,NA,ENST00000382292.3,p.K3116N,NA,19:00,71:01:00,69:05:00,83:02:00,NA,,0,0
CENPJ,13,25463531,25463531,Missense_Mutation,other non-conserving,SNP,G,A,NA,ENST00000381884.4,p.S1075F,NA,9:18,23:57,90:217,NA,NA,,0,0
N4BP2L2,13,33110741,33110741,Missense_Mutation,other non-conserving,SNP,C,T,NA,ENST00000267068.3,p.E142K,NA,16:00,89:02:00,281:23:00,NA,NA,,0,0
NBEA,13,35716418,35716418,Silent,silent,SNP,A,G,NA,ENST00000400445.3,p.E783E,NA,NA,NA,140:179,NA,NA,,0,0
SLITRK1,13,84453715,84453715,Missense_Mutation,other non-conserving,SNP,A,T,NA,ENST00000377084.2,p.L643Q,NA,NA,NA,25:40:00,NA,NA,,0,0
SLITRK5,13,88329874,88329874,Missense_Mutation,other non-conserving,SNP,C,T,NA,ENST00000325089.6,p.P744L,NA,12:00,NA,146:05:00,NA,NA,,0,0
MBNL2,13,97928639,97928639,Silent,silent,SNP,A,T,rs373812610,ENST00000376673.3,p.V50V,NA,NA,NA,103:190,NA,NA,,0,0
COL4A2,13,111134863,111134863,Splice_Site,damaging,SNP,G,C,NA,ENST00000360467.5,p.G920A,NA,14:11,NA,224:260,NA,NA,,0,0
ATP11A,13,113510235,113510235,Missense_Mutation,other non-conserving,SNP,G,C,NA,ENST00000487903.1,p.D752H,NA,31:00:00,49:00:00,145:14:00,32:00:00,NA,,0,0
SLC7A8,14,23609754,23609754,Missense_Mutation,other non-conserving,SNP,G,T,NA,ENST00000316902.7,p.F238L,NA,NA,NA,110:331,NA,NA,,0,0
MYH7,14,23883284,23883284,Missense_Mutation,other non-conserving,SNP,G,A,rs376668612,ENST00000355349.3,p.R1863W,NA,15:28,NA,61:66,NA,NA,8.24E-06,3,0
TM9SF1,14,24658841,24658841,Missense_Mutation,other non-conserving,SNP,C,T,rs200572805,ENST00000261789.4,p.R534Q,NA,5:09,48:223,50:184,NA,NA,4.94E-05,0,0
SYNE2,14,64593156,64593156,Missense_Mutation,other non-conserving,SNP,C,A,NA,ENST00000344113.4,p.L4556I,NA,29:01:00,41:01:00,93:25:00,NA,NA,,0,0
ZBTB1,14,64989274,64989274,Missense_Mutation,other non-conserving,SNP,A,T,NA,ENST00000554015.1,p.D351V,NA,44:00:00,124:00:00,112:08:00,NA,NA,,0,0
MAP3K9,14,71197176,71197176,Missense_Mutation,other non-conserving,SNP,C,T,NA,ENST00000554752.2,p.S1079N,NA,38:00:00,22:00,81:04:00,NA,NA,8.24E-06,0,0
RPS6KL1,14,75373803,75373803,Missense_Mutation,other non-conserving,SNP,G,A,rs376736810,ENST00000555647.1,p.R522C,NA,37:00:00,10:00,283:13:00,54:00:00,NA,1.65E-05,0,0
DIO2,14,80669349,80669349,Missense_Mutation,other non-conserving,SNP,C,A,NA,ENST00000557010.1,p.G169C,NA,40:00:00,8:01,200:13:00,NA,NA,,0,0
PACS2,14,105851295,105851295,Silent,silent,SNP,A,G,NA,ENST00000325438.8,p.A653A,NA,35:00:00,62:00:00,6:01,NA,NA,,0,0
TJP1,15,29997732,29997732,Splice_Site,damaging,SNP,C,A,NA,ENST00000346128.6,p.G1690C,NA,29:00:00,102:01:00,37:02:00,NA,NA,,0,0
TMEM87A,15,42519100,42519100,Missense_Mutation,other non-conserving,SNP,C,T,rs137984068,ENST00000389834.4,p.R436Q,NA,38:00:00,184:02:00,151:12:00,NA,NA,2.47E-05,0,1
SEMA6D,15,48063601,48063601,Silent,silent,SNP,C,A,NA,ENST00000316364.5,p.V947V,NA,NA,NA,69:98,NA,NA,,0,0
HERC1,15,63908853,63908853,Missense_Mutation,other non-conserving,SNP,C,T,NA,ENST00000443617.2,p.D4573N,NA,27:00:00,37:00:00,164:18:00,NA,NA,3.31E-05,0,2
SCAPER,15,77021041,77021041,Missense_Mutation,other non-conserving,SNP,C,T,rs371718195,ENST00000563290.1,p.R687H,NA,NA,NA,56:93,NA,NA,2.49E-05,0,0
TMED3,15,79603718,79603718,Missense_Mutation,other non-conserving,SNP,G,C,NA,ENST00000299705.5,p.E43Q,NA,8:14,116:134,NA,NA,NA,,0,0
ZFAND6,15,80415062,80415062,Missense_Mutation,other non-conserving,SNP,T,G,NA,ENST00000261749.6,p.L95R,NA,8:09,239:215,NA,NA,NA,,0,0
ACAN,15,89392834,89392834,Missense_Mutation,other non-conserving,SNP,G,C,rs35965913,ENST00000561243.1,p.R633P,NA,22:00,NA,31:06:00,NA,NA,,0,0
CRTC3,15,91185244,91185244,Missense_Mutation,other non-conserving,SNP,C,G,NA,ENST00000268184.6,p.P578A,NA,11:14,24:12:00,49:54:00,NA,NA,,0,0
TTC23,15,99678229,99678229,Missense_Mutation,other non-conserving,SNP,T,G,NA,ENST00000394132.2,p.T444P,NA,50:00:00,19:00,41:02:00,NA,NA,,0,0
TARSL2,15,102241383,102241383,Missense_Mutation,other non-conserving,SNP,T,C,NA,ENST00000335968.3,p.Q409R,NA,19:00,16:01,75:03:00,NA,NA,,0,0
CCDC154,16,1492469,1492469,Missense_Mutation,other non-conserving,SNP,C,T,NA,ENST00000389176.3,p.A205T,NA,22:02,NA,NA,NA,NA,,0,0
TBL3,16,2024997,2024997,Missense_Mutation,other non-conserving,SNP,G,A,NA,ENST00000568546.1,p.R178H,NA,4:21,NA,13:17,NA,NA,1.65E-05,0,0
ABCA3,16,2347421,2347421,Missense_Mutation,other non-conserving,SNP,G,C,rs200855390,ENST00000301732.5,p.D724E,NA,24:00:00,5:01,35:72,10:01,NA,8.24E-05,3,0
SRRM2,16,2814371,2814371,Missense_Mutation,other non-conserving,SNP,C,T,NA,ENST00000301740.8,p.S1281F,NA,29:00:00,344:26:00,105:155,NA,NA,,0,0
CLDN6,16,3065366,3065366,Silent,silent,SNP,G,A,rs532562507,ENST00000396925.1,p.Y219Y,NA,NA,NA,29:32:00,NA,NA,2.54E-05,0,0
MMP25,16,3108597,3108597,Silent,silent,SNP,C,A,NA,ENST00000336577.4,p.P448P,NA,3:24,NA,7:05,NA,NA,,0,0
ANKS3,16,4747984,4747984,Missense_Mutation,other non-conserving,SNP,G,T,NA,ENST00000304283.4,p.P602T,NA,30:01:00,55:05:00,3:02,NA,NA,,0,0
GLYR1,16,4897243,4897243,Silent,silent,SNP,G,A,NA,ENST00000321919.9,p.L8L,NA,13:01,181:12:00,7:08,NA,NA,,0,0
TEKT5,16,10729659,10729660,Frame_Shift_Ins,damaging,INS,-,C,rs549750185,ENST00000283025.2,p.R401fs,NA,NA,NA,57:98,NA,NA,8.24E-06,0,0
SMG1,16,18848711,18848711,Missense_Mutation,other non-conserving,SNP,C,T,NA,ENST00000446231.2,p.G2490S,NA,NA,NA,149:166,NA,NA,,0,0
UBFD1,16,23573588,23573588,Missense_Mutation,other non-conserving,SNP,C,T,NA,ENST00000395878.3,p.A209V,NA,NA,NA,5:42,NA,NA,8.28E-06,0,0
GTF3C1,16,27473769,27473769,Missense_Mutation,other non-conserving,SNP,C,T,NA,ENST00000356183.4,p.R1988H,NA,25:00:00,99:09:00,10:17,NA,NA,8.24E-06,3,0
ITGAL,16,30516582,30516582,Silent,silent,SNP,G,A,rs573022300,ENST00000356798.6,p.P751P,NA,4:25,NA,NA,NA,NA,2.47E-05,0,0
ITGAM,16,31336024,31336024,Missense_Mutation,other non-conserving,SNP,T,C,NA,ENST00000287497.8,p.L737P,NA,NA,NA,38:82,NA,NA,,0,0
ZNF720,16,31733990,31733990,Missense_Mutation,other non-conserving,SNP,A,G,NA,ENST00000316491.9,p.E16G,NA,NA,NA,123:350,NA,NA,,0,0
ZNF423,16,49670033,49670033,Missense_Mutation,other non-conserving,SNP,G,T,NA,ENST00000561648.1,p.H1010Q,NA,19:09,NA,23:15,28:35:00,NA,,0,0
DPEP3,16,68009767,68009767,Silent,silent,SNP,G,T,NA,ENST00000268793.4,p.T481T,NA,22:00,NA,48:04:00,NA,NA,1.65E-05,0,0
CMTR2,16,71318544,71318545,Frame_Shift_Ins,damaging,INS,-,A,NA,ENST00000338099.5,p.C427fs,NA,18:02,27:01:00,105:16:00,NA,NA,,0,0
KARS,16,75663394,75663394,Silent,silent,SNP,G,C,NA,ENST00000302445.3,p.V490V,NA,24:00:00,662:09:00,382:33:00,NA,NA,,0,0
PIEZO1,16,88787664,88787664,Missense_Mutation,other non-conserving,SNP,C,G,NA,ENST00000301015.9,p.E1860Q,NA,21:00,351:00:00,14:02,NA,NA,,0,0
TCF25,16,89972658,89972658,Missense_Mutation,other non-conserving,SNP,C,G,NA,ENST00000263346.8,p.S562C,NA,11:09,130:155,33:26:00,NA,NA,8.24E-06,0,0
GAS8,16,90108924,90108924,Missense_Mutation,other non-conserving,SNP,A,G,NA,ENST00000268699.4,p.E423G,NA,22:00,63:00:00,48:08:00,NA,NA,,0,0
ABR,17,995066,995066,Missense_Mutation,other non-conserving,SNP,C,T,NA,ENST00000302538.5,p.A124T,NA,NA,1.1,NA,NA,NA,,3,0
WDR81,17,1629481,1629482,Frame_Shift_Ins,damaging,INS,-,A,NA,ENST00000409644.1,p.D410fs,NA,25:04:00,17:01,57:14:00,NA,NA,,0,0
OR1E2,17,3336607,3336607,Missense_Mutation,other non-conserving,SNP,A,G,NA,ENST00000248384.1,p.F177L,NA,43:00:00,NA,80:02:00,NA,NA,8.24E-06,0,0
TP53,17,7577099,7577099,Missense_Mutation,other non-conserving,SNP,C,T,rs121912660,ENST00000269305.4,p.R280K,NA,39:00:00,224:01:00,54:07:00,26:00:00,786:05:00,,34,154
PER1,17,8053157,8053157,Missense_Mutation,other non-conserving,SNP,C,A,NA,ENST00000317276.4,p.E189D,NA,40:00:00,13:00,257:16:00,5:00,NA,,0,0
PIK3R6,17,8740209,8740209,Missense_Mutation,other non-conserving,SNP,C,G,NA,ENST00000311434.9,p.R97T,NA,28:11:00,NA,25:10:00,NA,NA,,0,0
MYO15A,17,18049380,18049380,Missense_Mutation,other non-conserving,SNP,T,G,NA,ENST00000205890.5,p.S2156R,NA,38:00:00,NA,54:03:00,NA,NA,8.25E-06,0,0
ULK2,17,19750161,19750161,Silent,silent,SNP,G,T,NA,ENST00000395544.4,p.R120R,NA,40:00:00,44:00:00,190:08:00,168:01:00,NA,8.24E-06,0,0
SLC6A4,17,28549087,28549087,De_novo_Start_OutOfFrame,damaging,SNP,G,A,rs201098813,ENST00000401766.2,NA,NA,29:00:00,NA,91:09:00,NA,NA,3.45E-05,0,0
NF1,17,29541474,29541475,Frame_Shift_Ins,damaging,INS,-,C,NA,ENST00000358273.4,p.T467fs,NA,32:03:00,NA,63:26:00,15:00,987:360,,0,8
SPACA3,17,31324746,31324746,Missense_Mutation,other non-conserving,SNP,C,T,NA,ENST00000269053.3,p.H200Y,NA,21:14,NA,30:42:00,NA,NA,,0,0
KRT16,17,39768801,39768801,Missense_Mutation,other non-conserving,SNP,C,A,NA,ENST00000301653.4,p.G47V,NA,34:00:00,NA,15:00,NA,NA,,0,0
ITGA2B,17,42463246,42463246,Missense_Mutation,other non-conserving,SNP,G,C,NA,ENST00000262407.5,p.F118L,NA,31:00:00,NA,18:00,NA,NA,1.65E-05,0,0
WFIKKN2,17,48918070,48918070,Missense_Mutation,other non-conserving,SNP,A,T,NA,ENST00000311378.4,p.E474V,NA,33:00:00,NA,53:09:00,NA,NA,,0,0
HELZ,17,65162670,65162670,Missense_Mutation,other non-conserving,SNP,G,C,NA,ENST00000358691.5,p.L607V,NA,NA,NA,34:117,NA,NA,,0,0
ABCA5,17,67305426,67305426,Missense_Mutation,other non-conserving,SNP,G,A,,ENST00000392676.3,p.S149F,NA,7:17,NA,41:99,NA,NA,,0,0
METTL23,17,74729639,74729639,Nonsense_Mutation,damaging,SNP,G,A,NA,ENST00000341249.6,p.W148*,NA,48:00:00,268:07:00,601:87,NA,NA,,0,0
ZNF750,17,80789793,80789793,Missense_Mutation,other non-conserving,SNP,C,T,rs374434732,ENST00000269394.3,p.E180K,NA,8:24,NA,23:52,NA,NA,2.47E-05,0,0
NDUFV2,18,9126853,9126853,Missense_Mutation,other non-conserving,SNP,G,A,NA,ENST00000318388.6,p.E202K,NA,15:24,204:447,249:599,NA,NA,8.24E-06,0,0
PIEZO2,18,10698992,10698992,Missense_Mutation,other non-conserving,SNP,T,C,NA,ENST00000503781.3,p.R2096G,NA,9:23,NA,NA,NA,NA,,0,0
CIDEA,18,12264327,12264327,Missense_Mutation,other non-conserving,SNP,G,A,rs144505898,ENST00000320477.9,p.A69T,NA,28:06:00,NA,25:33:00,NA,NA,3.30E-05,0,0
LAMA3,18,21494451,21494451,Silent,silent,SNP,T,C,NA,ENST00000313654.9,p.A2469A,NA,13:18,0.884722222,26:38:00,NA,NA,,0,0
CDH2,18,25568584,25568584,Missense_Mutation,other non-conserving,SNP,C,T,rs201042909,ENST00000269141.3,p.V549M,NA,9:28,2:09,17:28,40:95,NA,3.30E-05,0,0
KLHL14,18,30350325,30350325,Missense_Mutation,other non-conserving,SNP,C,A,NA,ENST00000359358.4,p.G77V,NA,18:06,NA,4:10,NA,NA,,0,0
KIAA1328,18,34740252,34740252,Missense_Mutation,other non-conserving,SNP,G,C,NA,ENST00000280020.5,p.R441T,NA,25:11:00,6:06,89:134,NA,NA,3.31E-05,0,0
DYM,18,46623852,46623852,Missense_Mutation,other non-conserving,SNP,C,A,NA,ENST00000269445.6,p.A594S,NA,14:15,34:30:00,39:51:00,NA,NA,,0,0
MAPK4,18,48256010,48256010,Missense_Mutation,other non-conserving,SNP,G,C,NA,ENST00000400384.2,p.R517P,NA,10:15,NA,NA,NA,NA,2.95E-05,0,0
NEDD4L,18,55998034,55998034,Missense_Mutation,other non-conserving,SNP,C,A,NA,ENST00000400345.3,p.P293Q,NA,11:07,130:119,58:65,NA,NA,8.28E-06,0,0
ALPK2,18,56191223,56191223,Missense_Mutation,other non-conserving,SNP,C,T,NA,ENST00000361673.3,p.C1858Y,NA,6:17,NA,16:30,49:50:00,NA,,0,0
RTTN,18,67794886,67794886,Missense_Mutation,other non-conserving,SNP,T,C,rs375174779,ENST00000255674.6,p.I1079V,NA,15:06,16:09,29:46:00,NA,NA,2.48E-05,0,0
FSTL3,19,680461,680461,Silent,silent,SNP,G,A,NA,ENST00000166139.4,p.L159L,NA,12:11,31:22:00,NA,NA,NA,,0,0
PTBP1,19,797500,797500,Start_Codon_SNP,damaging,SNP,G,A,NA,ENST00000349038.4,p.M1I,NA,5:13,260:710,4:17,NA,NA,,0,0
SBNO2,19,1117354,1117354,Missense_Mutation,other non-conserving,SNP,C,G,NA,ENST00000361757.3,p.E558Q,NA,10:29,76:152,5:11,NA,NA,,0,0
HMG20B,19,3576901,3576901,Missense_Mutation,other non-conserving,SNP,G,C,NA,ENST00000333651.6,p.E202Q,NA,22:18,220:511,3:03,NA,NA,,0,0
DPP9,19,4697625,4697625,Silent,silent,SNP,G,A,NA,ENST00000598800.1,p.F342F,NA,11:20,159:322,19:49,NA,NA,,0,0
LONP1,19,5699098,5699098,Missense_Mutation,other non-conserving,SNP,C,T,NA,ENST00000360614.3,p.R542Q,NA,10:21,155:292,17:52,NA,NA,1.65E-05,0,0
RFX2,19,6040098,6040098,Missense_Mutation,other non-conserving,SNP,C,T,NA,ENST00000303657.5,p.V139I,NA,28:09:00,11:07,28:09:00,NA,NA,8.25E-06,0,0
CAMSAP3,19,7682929,7682929,Missense_Mutation,other non-conserving,SNP,G,A,NA,ENST00000160298.4,p.G1246S,NA,29:11:00,NA,36:20:00,NA,NA,3.31E-05,0,0
OR2Z1,19,8841481,8841481,Missense_Mutation,other non-conserving,SNP,G,T,NA,ENST00000324060.2,p.V31L,NA,34:18:00,NA,57:27:00,NA,NA,,0,0
MUC16,19,9046397,9046397,Missense_Mutation,other non-conserving,SNP,G,A,NA,ENST00000397910.4,p.S11745L,NA,NA,NA,75:187,NA,NA,,0,0
MUC16,19,9071589,9071589,Frame_Shift_Del,damaging,DEL,A,-,NA,ENST00000397910.4,p.L5286fs,NA,26:23:00,NA,68:77,NA,NA,,0,0
PPAN,19,10220359,10220359,Missense_Mutation,other non-conserving,SNP,C,A,rs150066913,ENST00000253107.7,p.S189Y,NA,9:19,83:164,168:354,NA,NA,,0,0
TYK2,19,10476488,10476488,Missense_Mutation,other non-conserving,SNP,C,T,NA,ENST00000525621.1,p.R239H,NA,12:32,45:81,6:22,10:24,NA,2.48E-05,0,0
C19orf38,19,10980031,10980031,Silent,silent,SNP,G,A,NA,ENST00000397820.4,p.R227R,NA,11:20,NA,NA,NA,NA,,0,0
HOOK2,19,12883659,12883659,Missense_Mutation,other non-conserving,SNP,G,C,rs370870345,ENST00000397668.3,p.P108R,NA,14:08,11:12,44:20:00,NA,NA,,0,0
DAND5,19,13084220,13084220,Silent,silent,SNP,C,G,NA,ENST00000317060.2,p.G114G,NA,22:10,NA,48:33:00,NA,NA,,0,0
NOTCH3,19,15300174,15300174,Missense_Mutation,other non-conserving,SNP,T,A,NA,ENST00000263388.2,p.T368S,NA,18:10,NA,52:41:00,6:04,1582:666,,0,0
AKAP8L,19,15510154,15510154,Missense_Mutation,other non-conserving,SNP,C,A,NA,ENST00000397410.5,p.Q372H,NA,28:12:00,262:130,40:34:00,NA,NA,,0,0
EPS15L1,19,16495973,16495973,Silent,silent,SNP,A,G,NA,ENST00000248070.6,p.A738A,NA,24:17:00,63:30:00,134:76,NA,NA,,0,0
SLC27A1,19,17599822,17599822,Missense_Mutation,other non-conserving,SNP,A,G,NA,ENST00000252595.7,p.I298V,NA,15:22,11:37,26:67,NA,NA,,0,0
UNC13A,19,17756585,17756585,Missense_Mutation,other non-conserving,SNP,G,T,NA,ENST00000519716.2,p.R752S,NA,25:12:00,NA,66:38:00,NA,NA,,0,0
FCHO1,19,17873592,17873592,Missense_Mutation,other non-conserving,SNP,G,A,NA,ENST00000596536.1,p.E17K,NA,30:17:00,NA,84:67,NA,NA,,0,0
PDE4C,19,18343943,18343943,Missense_Mutation,other non-conserving,SNP,C,A,NA,ENST00000355502.3,p.R20L,NA,8:13,NA,NA,NA,NA,,0,0
ATP13A1,19,19765438,19765438,Missense_Mutation,other non-conserving,SNP,G,A,NA,ENST00000357324.6,p.S576L,NA,15:22,88:190,27:54:00,NA,NA,,0,0
ZNF493,19,21607646,21607652,Frame_Shift_Del,damaging,DEL,ATTAAAC,-,NA,ENST00000355504.4,p.IKH601fs,NA,NA,4:04,0.96875,NA,NA,,0,0
ZNF98,19,22575685,22575685,Nonsense_Mutation,damaging,SNP,C,A,NA,ENST00000357774.5,p.E118*,NA,30:13:00,NA,122:106,NA,NA,,0,0
ZNF99,19,22941408,22941408,Nonsense_Mutation,damaging,SNP,T,A,NA,ENST00000596209.1,p.K435*,NA,8:20,NA,NA,NA,NA,,0,0
ZNF99,19,22942291,22942291,Silent,silent,SNP,G,A,NA,ENST00000596209.1,p.T140T,NA,NA,NA,36:138,NA,NA,,0,0
RPSAP58,19,24010754,24010754,Missense_Mutation,other non-conserving,SNP,C,A,rs555123789,ENST00000496398.1,p.T264N,NA,7:05,NA,NA,NA,NA,,0,0
TSHZ3,19,31770472,31770472,Nonsense_Mutation,damaging,SNP,G,C,NA,ENST00000240587.4,p.S76*,NA,NA,NA,12:43,NA,NA,,0,0
HNRNPL,19,39331001,39331001,Missense_Mutation,other non-conserving,SNP,C,G,NA,ENST00000221419.5,p.G323A,NA,15:11,514:265,13:05,NA,NA,,0,0
FCGBP,19,40366446,40366446,Silent,silent,SNP,G,A,rs375730591,ENST00000221347.6,p.F4596F,NA,NA,NA,33:60,NA,NA,,0,0
CD79A,19,42383297,42383297,Missense_Mutation,other non-conserving,SNP,G,A,NA,ENST00000221972.3,p.C106Y,NA,20:28,NA,0.751388889,NA,NA,,0,0
APOE,19,45412326,45412326,Missense_Mutation,other non-conserving,SNP,G,A,NA,ENST00000252486.4,p.R258H,NA,20:07,3:11,6:03,NA,NA,8.38E-06,0,0
CLPTM1,19,45458664,45458664,Silent,silent,SNP,G,C,NA,ENST00000337392.5,p.A4A,NA,5:17,NA,NA,NA,NA,,0,0
ARHGAP35,19,47425394,47425394,Silent,silent,SNP,G,A,NA,ENST00000404338.3,p.K1154K,NA,17:27,65:161,NA,NA,NA,8.27E-06,0,0
FAM83E,19,49104484,49104484,Missense_Mutation,other non-conserving,SNP,C,A,NA,ENST00000263266.3,p.R440L,NA,10:31,NA,6:13,NA,NA,,0,0
SHANK1,19,51171991,51171991,Missense_Mutation,other non-conserving,SNP,A,G,NA,ENST00000293441.1,p.S1076P,NA,5:07,NA,NA,NA,NA,,0,0
KLK9,19,51512761,51512761,Splice_Site,damaging,SNP,C,A,NA,ENST00000594211.1,p.G15W,NA,15:11,NA,14:10,NA,NA,,0,0
ZNF845,19,53855675,53855675,Missense_Mutation,other non-conserving,SNP,G,C,NA,ENST00000595091.1,p.D583H,NA,NA,NA,40:77,NA,NA,,0,0
DNAAF3,19,55676753,55676753,Missense_Mutation,other non-conserving,SNP,T,G,NA,ENST00000524407.2,p.K103Q,NA,7:27,NA,20:37,NA,NA,,0,0
SSC5D,19,56029212,56029215,Frame_Shift_Del,damaging,DEL,TCAC,-,NA,ENST00000389623.6,p.IT1190fs,NA,9:14,NA,NA,NA,NA,,0,0
NLRP9,19,56243793,56243793,Silent,silent,SNP,C,T,NA,ENST00000332836.2,p.P468P,NA,28:06:00,NA,80:102,NA,NA,,0,0
NLRP11,19,56321531,56321531,Missense_Mutation,other non-conserving,SNP,C,G,NA,ENST00000589093.1,p.V149L,NA,25:10:00,NA,19:31,NA,NA,,0,0
NLRP11,19,56321705,56321705,Splice_Site,damaging,SNP,C,T,NA,ENST00000589093.1,NA,NA,28:13:00,NA,27:34:00,NA,NA,,0,0
ZIM3,19,57649912,57649912,Missense_Mutation,other non-conserving,SNP,G,A,rs376866859,ENST00000269834.1,p.R24W,NA,26:14:00,NA,NA,NA,NA,3.30E-05,0,0
CGREF1,2,27324175,27324175,Silent,silent,SNP,C,T,NA,ENST00000260595.5,p.V291V,NA,19:17,NA,NA,NA,NA,1.65E-05,0,0
EIF2B4,2,27587647,27587647,Missense_Mutation,other non-conserving,SNP,C,G,NA,ENST00000347454.4,p.C437S,NA,9:30,108:150,NA,NA,NA,,0,0
CAPN13,2,30980970,30980970,Missense_Mutation,other non-conserving,SNP,A,G,NA,ENST00000295055.8,p.S270P,NA,9:18,NA,23:32,NA,NA,,0,0
GPATCH11,2,37316954,37316954,Silent,silent,SNP,G,A,NA,ENST00000608836.1,p.G73G,NA,12:16,38:77,NA,NA,NA,,0,0
TMEM178A,2,39893276,39893276,Missense_Mutation,other non-conserving,SNP,C,G,NA,ENST00000281961.2,p.D54E,NA,7:02,NA,4:00,NA,NA,,0,0
KCNG3,2,42671535,42671535,Missense_Mutation,other non-conserving,SNP,C,T,NA,ENST00000306078.1,p.A284T,NA,19:13,NA,71:11:00,NA,NA,,0,0
RTN4,2,55200321,55200321,Missense_Mutation,other non-conserving,SNP,T,C,rs201754765,ENST00000337526.6,p.I1184V,NA,25:12:00,554:384,56:11:00,NA,NA,1.65E-05,0,0
ALMS1,2,73676771,73676771,Silent,silent,SNP,G,A,NA,ENST00000264448.6,p.K1038K,NA,7:24,13:21,76:384,NA,NA,8.28E-06,0,0
GCFC2,2,75917100,75917101,Frame_Shift_Ins,damaging,INS,-,T,NA,ENST00000321027.3,p.S445fs,NA,NA,8:51,NA,NA,NA,,0,0
LRRTM1,2,80529451,80529451,Silent,silent,SNP,C,T,rs149883491,ENST00000295057.3,p.E498E,NA,NA,NA,0.963194444,NA,NA,8.24E-06,0,0
CTNNA2,2,80846333,80846333,Missense_Mutation,other non-conserving,SNP,G,A,NA,ENST00000402739.4,p.G852R,NA,NA,NA,62:204,NA,NA,,0,0
ASTL,2,96795618,96795618,Silent,silent,SNP,G,T,NA,ENST00000342380.2,p.T273T,NA,9:13,NA,19:28,NA,NA,,0,0
IL1RL1,2,102959761,102959761,Missense_Mutation,other non-conserving,SNP,G,T,NA,ENST00000233954.1,p.V286F,NA,18:14,NA,111:88,NA,NA,2.47E-05,0,0
RANBP2,2,109383557,109383557,Missense_Mutation,other non-conserving,SNP,C,G,NA,ENST00000283195.6,p.Q2188E,NA,8:10,41:36:00,NA,NA,NA,,0,0
POTEJ,2,131369147,131369148,Frame_Shift_Ins,damaging,INS,-,A,NA,ENST00000409602.1,p.K15fs,NA,NA,NA,12:04,NA,NA,,0,0
MZT2A,2,132249910,132249910,Missense_Mutation,other non-conserving,SNP,C,T,NA,ENST00000309451.6,p.A14T,NA,4:13,106:448,NA,NA,NA,,0,0
NCKAP5,2,133721389,133721389,Silent,silent,SNP,G,A,NA,ENST00000409261.1,p.H161H,NA,13:13,NA,NA,NA,NA,,0,0
MGAT5,2,135093822,135093823,Frame_Shift_Ins,damaging,INS,-,A,NA,ENST00000409645.1,p.AK203fs,NA,NA,6:28,NA,NA,NA,,0,0
MAP3K19,2,135744526,135744526,Missense_Mutation,other non-conserving,SNP,A,C,NA,ENST00000375845.3,p.L639R,NA,7:13,NA,NA,40:102,NA,,0,0
ZRANB3,2,136071148,136071148,Missense_Mutation,other non-conserving,SNP,C,T,NA,ENST00000264159.6,p.E293K,NA,13:09,NA,306:21:00,NA,NA,,0,0
LRP1B,2,142004815,142004815,Missense_Mutation,other non-conserving,SNP,C,A,NA,ENST00000389484.3,p.R191I,NA,10:11,NA,106:03:00,57:56:00,NA,,0,0
NEB,2,152349959,152349959,Splice_Site,damaging,SNP,C,T,,ENST00000604864.1,p.V8225I,NA,21:08,NA,38:51:00,NA,NA,,0,0
PLA2R1,2,160808065,160808065,Missense_Mutation,other non-conserving,SNP,G,A,NA,ENST00000283243.7,p.T1109I,NA,19:31,NA,49:36:00,NA,NA,,0,0
PLA2R1,2,160885397,160885397,Missense_Mutation,other non-conserving,SNP,C,G,NA,ENST00000283243.7,p.D307H,NA,6:22,9:07,13:28,NA,NA,,0,0
SCN3A,2,166027059,166027059,Splice_Site,damaging,SNP,C,G,NA,ENST00000360093.3,NA,NA,9:19,NA,31:47:00,NA,NA,,0,0
SCN2A,2,166243406,166243406,Silent,silent,SNP,C,T,NA,ENST00000375437.2,p.L1568L,NA,NA,NA,42:49:00,NA,NA,,0,0
FASTKD1,2,170401232,170401235,Splice_Site,damaging,DEL,TAAG,-,rs545647875,ENST00000453153.2,p.YL604fs,NA,20:11,NA,32:81,NA,NA,,0,0
DLX2,2,172967081,172967081,Silent,silent,SNP,G,A,NA,ENST00000234198.4,p.T62T,NA,9:07,NA,3:07,NA,NA,,0,0
HOXD13,2,176959230,176959230,Silent,silent,SNP,G,A,NA,ENST00000392539.3,p.P268P,NA,11:14,NA,22:34,20:16,NA,,0,0
TTN,2,179548768,179548768,Missense_Mutation,other non-conserving,SNP,G,C,NA,ENST00000591111.1,p.L10605V,NA,10:22,NA,NA,10:20,NA,,0,0
TTN,2,179566767,179566767,Splice_Site,damaging,SNP,C,G,NA,ENST00000591111.1,p.D9863H,NA,17:07,NA,62:88,20:12,NA,,0,0
CWC22,2,180853370,180853370,Splice_Site,damaging,SNP,G,A,NA,ENST00000410053.3,p.P10L,NA,17:10,53:39:00,16:29,NA,NA,,0,0
CFLAR,2,202025584,202025584,Missense_Mutation,other non-conserving,SNP,C,T,rs144691244,ENST00000309955.3,p.A408V,NA,19:14,48:24:00,21:20,NA,NA,2.47E-05,0,0
PTH2R,2,209271825,209271825,Silent,silent,SNP,C,T,NA,ENST00000272847.2,p.C19C,NA,NA,NA,14:28,NA,NA,,0,0
SLC11A1,2,219249912,219249912,Missense_Mutation,other non-conserving,SNP,T,A,NA,ENST00000233202.6,p.C106S,NA,11:13,NA,25:34:00,NA,NA,,0,0
STK36,2,219555176,219555176,Silent,silent,SNP,G,T,NA,ENST00000295709.3,p.L554L,NA,9:08,6:15,40:47:00,31:54:00,NA,,0,0
SPEG,2,220337043,220337043,Silent,silent,SNP,C,T,NA,ENST00000312358.7,p.D1310D,NA,10:09,NA,26:20:00,16:17,NA,,0,0
MOGAT1,2,223554104,223554104,Missense_Mutation,other non-conserving,SNP,C,A,rs144166988,ENST00000446656.3,p.L132M,NA,6:13,NA,95:149,NA,NA,2.48E-05,0,0
COL4A3,2,228145243,228145243,Nonsense_Mutation,damaging,SNP,G,T,NA,ENST00000396578.3,p.G771*,NA,10:14,NA,50:82,NA,NA,,0,0
SIRPA,20,1902150,1902150,Silent,silent,SNP,G,A,NA,ENST00000358771.4,p.L182L,NA,11:16,8:00,0.727777778,NA,NA,,0,0
SNRPB,20,2443295,2443295,Silent,silent,SNP,G,A,NA,ENST00000438552.2,p.P224P,NA,NA,NA,0.427083333,NA,NA,8.25E-06,0,0
C20orf141,20,2796237,2796238,Frame_Shift_Del,damaging,DEL,AG,-,NA,ENST00000380589.4,p.Q105fs,NA,NA,NA,19:19,NA,NA,3.30E-05,0,0
SEL1L2,20,13850189,13850189,Frame_Shift_Del,damaging,DEL,C,-,NA,ENST00000284951.5,p.G405fs,NA,8:16,NA,1.015972222,NA,NA,1.66E-05,0,0
KIF16B,20,16293015,16293015,Missense_Mutation,other non-conserving,SNP,C,T,NA,ENST00000354981.2,p.E1254K,NA,9:22,5:10,14:53,NA,NA,,0,0
TTLL9,20,30510808,30510808,Missense_Mutation,other non-conserving,SNP,G,A,NA,ENST00000375938.4,p.E206K,NA,19:44,NA,55:182,NA,NA,,0,0
BPIFB4,20,31690818,31690818,Missense_Mutation,other non-conserving,SNP,G,C,NA,ENST00000375483.3,p.D560H,NA,19:26,NA,160:184,NA,NA,,0,0
RBL1,20,35695236,35695236,Missense_Mutation,other non-conserving,SNP,G,A,NA,ENST00000373664.3,p.P246L,NA,12:21,25:97,53:187,43:148,NA,,0,0
ZNF335,20,44587943,44587943,Missense_Mutation,other non-conserving,SNP,G,A,rs374080544,ENST00000322927.2,p.P717L,NA,8:35,1.002777778,0.763194444,NA,NA,4.94E-05,0,0
SPATA2,20,48522676,48522676,Missense_Mutation,other non-conserving,SNP,C,T,rs369935597,ENST00000422556.1,p.R348H,NA,29:15:00,37:14:00,66:26:00,NA,NA,4.94E-05,0,0
TCFL5,20,61488922,61488922,Missense_Mutation,other non-conserving,SNP,C,T,NA,ENST00000335351.3,p.E355K,NA,15:37,77:196,30:128,NA,NA,,0,0
TMPRSS15,21,19744587,19744587,Missense_Mutation,other non-conserving,SNP,G,A,NA,ENST00000284885.3,p.T196M,NA,NA,NA,35:46:00,NA,NA,,0,0
KRTAP24-1,21,31655047,31655047,Silent,silent,SNP,T,C,rs201723060,ENST00000340345.4,p.A68A,NA,NA,NA,29:44:00,NA,NA,1.65E-05,0,0
MORC3,21,37732556,37732556,Splice_Site,damaging,SNP,C,T,rs201094724,ENST00000400485.1,p.T469I,NA,31:11:00,39:22:00,18:23,NA,NA,8.28E-06,0,0
BRWD1,21,40558989,40558989,Nonsense_Mutation,damaging,SNP,A,T,,ENST00000333229.2,p.L2309*,NA,NA,NA,44:53:00,NA,NA,8.24E-06,0,0
COL6A1,21,47406461,47406461,Silent,silent,SNP,T,C,NA,ENST00000361866.3,p.N150N,NA,18:05,317:151,NA,NA,NA,,0,0
DIP2A,21,47970570,47970570,Missense_Mutation,other non-conserving,SNP,C,G,NA,ENST00000417564.2,p.L918V,NA,13:29,29:37:00,57:111,NA,NA,,0,0
CLTCL1,22,19175222,19175222,Missense_Mutation,other non-conserving,SNP,C,T,rs553137718,ENST00000263200.10,p.D1485N,NA,14:14,9:10,45:67,28:31:00,NA,1.65E-05,0,0
MYO18B,22,26219527,26219527,Silent,silent,SNP,G,T,NA,ENST00000407587.2,p.L859L,NA,23:00,NA,126:13:00,NA,NA,,0,0
NF2,22,30057209,30057209,Nonsense_Mutation,damaging,SNP,G,T,NA,ENST00000338641.4,p.E231*,NA,29:00:00,17:00,192:20:00,76:00:00,NA,,0,2
EIF3D,22,36908581,36908581,Silent,silent,SNP,C,T,NA,ENST00000216190.8,p.L425L,NA,10:17,486:449,45:60,NA,NA,,0,0
BAIAP2L2,22,38481308,38481308,Silent,silent,SNP,C,T,NA,ENST00000381669.3,p.*530*,NA,22:00,NA,23:00,NA,NA,,0,0
PKDREJ,22,46652691,46652691,Missense_Mutation,other non-conserving,SNP,C,T,NA,ENST00000253255.5,p.E2177K,NA,22:00,NA,78:07:00,NA,NA,,0,0
PKDREJ,22,46652694,46652694,Nonsense_Mutation,damaging,SNP,C,A,NA,ENST00000253255.5,p.E2176*,NA,24:00:00,NA,75:08:00,NA,NA,,0,0
SBF1,22,50899684,50899684,Silent,silent,SNP,C,T,NA,ENST00000390679.3,p.P957P,NA,21:00,158:04:00,10:03,NA,NA,3.31E-05,0,0
MIOX,22,50926126,50926126,Silent,silent,SNP,C,T,NA,ENST00000216075.6,p.Y44Y,NA,28:00:00,NA,21:05,NA,NA,,0,0
KLHDC7B,22,50986980,50986980,Nonsense_Mutation,damaging,SNP,C,T,NA,ENST00000395676.2,p.Q129*,NA,9:13,NA,NA,NA,NA,,0,0
CPT1B,22,51008729,51008729,Missense_Mutation,other non-conserving,SNP,A,G,NA,ENST00000360719.2,p.F712S,NA,25:00:00,24:00:00,22:03,NA,NA,8.24E-06,0,0
CNTN4,3,3076393,3076393,Missense_Mutation,other non-conserving,SNP,C,A,NA,ENST00000397461.1,p.P621T,NA,NA,NA,36:77,NA,NA,,0,0
TTLL3,3,9859427,9859428,Frame_Shift_Ins,damaging,INS,-,A,NA,ENST00000547186.1,p.K139fs,NA,NA,7:35,NA,NA,NA,1.65E-05,0,0
CAND2,3,12868987,12868987,Silent,silent,SNP,C,A,rs548566676,ENST00000456430.2,p.R1087R,NA,17:31,NA,34:54:00,NA,NA,8.27E-06,0,0
TPRXL,3,14105998,14105998,Missense_Mutation,other non-conserving,SNP,T,A,NA,ENST00000424053.1,p.S108T,NA,5:10,NA,NA,NA,NA,,0,0
NR1D2,3,24003581,24003581,Missense_Mutation,other non-conserving,SNP,A,C,NA,ENST00000312521.4,p.T211P,NA,21:14,147:77,36:23:00,NA,NA,1.65E-05,0,0
KIF15,3,44869002,44869002,Silent,silent,SNP,G,T,rs374157434,ENST00000326047.4,p.T946T,NA,19:09,100:44:00,59:50:00,NA,NA,,0,0
NBEAL2,3,47045864,47045864,Missense_Mutation,other non-conserving,SNP,G,A,NA,ENST00000450053.3,p.R2060H,NA,5:14,10:34,19:46,NA,NA,8.27E-06,0,0
CDC25A,3,48226163,48226163,Silent,silent,SNP,C,G,NA,ENST00000302506.3,p.G90G,NA,6:38,35:72,19:53,8:13,NA,,0,0
COL7A1,3,48631904,48631904,Missense_Mutation,other non-conserving,SNP,G,A,NA,ENST00000328333.8,p.R55C,NA,21:18,20:37,16:37,NA,NA,1.65E-05,0,0
UQCRC1,3,48646621,48646621,Nonsense_Mutation,damaging,SNP,C,A,NA,ENST00000203407.5,p.E62*,NA,13:30,NA,15:30,NA,NA,,0,0
MST1R,3,49939843,49939843,Missense_Mutation,other non-conserving,SNP,G,T,NA,ENST00000296474.3,p.F400L,NA,13:32,19:48,48:98,9:25,NA,8.24E-06,0,0
DNAH1,3,52428647,52428647,Missense_Mutation,other non-conserving,SNP,G,A,NA,ENST00000420323.2,p.R3598Q,NA,NA,NA,81:173,NA,NA,8.28E-06,0,0
PBRM1,3,52685790,52685790,Missense_Mutation,other non-conserving,SNP,T,C,rs201022657,ENST00000296302.7,p.I228V,NA,11:37,50:99,29:73,NA,NA,2.47E-05,0,3
CACNA2D3,3,54914827,54914827,Missense_Mutation,other non-conserving,SNP,G,T,NA,ENST00000474759.1,p.G617C,NA,29:17:00,NA,286:195,NA,NA,,0,0
MAGI1,3,65422897,65422897,Silent,silent,SNP,A,G,rs369631356,ENST00000497477.2,p.L432L,NA,13:22,26:59:00,54:100,NA,NA,,0,0
ROBO1,3,78663856,78663856,Silent,silent,SNP,T,C,NA,ENST00000464233.1,p.R1459R,NA,17:11,10:02,108:77,109:45:00,NA,,0,0
EPHA3,3,89499345,89499345,Nonsense_Mutation,damaging,SNP,G,T,NA,ENST00000336596.2,p.E839*,NA,9:27,NA,13:45,1.009722222,NA,,0,0
EPHA6,3,96962869,96962869,Silent,silent,SNP,A,G,NA,ENST00000389672.5,p.P448P,NA,8:24,NA,NA,9:23,NA,,0,0
OR5H6,3,97983409,97983409,Missense_Mutation,other non-conserving,SNP,C,T,NA,ENST00000383696.2,p.T94I,NA,30:09:00,NA,284:39:00,NA,NA,,0,0
KALRN,3,124165042,124165042,Silent,silent,SNP,C,A,rs140963587,ENST00000240874.3,p.R1114R,NA,26:00:00,NA,119:15:00,73:00:00,NA,,0,0
EFCC1,3,128720940,128720940,Missense_Mutation,other non-conserving,SNP,G,C,NA,ENST00000480450.1,p.A157P,NA,15:00,NA,NA,NA,NA,,0,0
ATP2C1,3,130699447,130699447,Missense_Mutation,other non-conserving,SNP,C,T,NA,ENST00000510168.1,p.S588F,NA,10:13,188:211,24:39:00,NA,NA,,0,0
PRR23C,3,138762736,138762736,Missense_Mutation,other non-conserving,SNP,C,G,NA,ENST00000413199.1,p.A243P,NA,18:00,NA,11:00,NA,NA,,0,0
PLCH1,3,155314058,155314058,Silent,silent,SNP,G,C,NA,ENST00000340059.7,p.L51L,NA,10:10,NA,110:117,NA,NA,,0,0
WDR49,3,167245717,167245717,Missense_Mutation,other non-conserving,SNP,G,A,NA,ENST00000308378.3,p.S480F,NA,5:18,NA,33:38:00,NA,NA,,0,0
NCEH1,3,172365720,172365720,Missense_Mutation,other non-conserving,SNP,C,T,NA,ENST00000475381.1,p.S108N,NA,26:13:00,478:239,138:20:00,NA,NA,,0,0
RTP1,3,186917743,186917743,Missense_Mutation,other non-conserving,SNP,C,G,NA,ENST00000312295.4,p.S226W,NA,19:10,NA,44:05:00,NA,NA,,0,0
TNK2,3,195594477,195594477,Missense_Mutation,other non-conserving,SNP,C,T,NA,ENST00000333602.6,p.E883K,NA,4:09,18:31,11:10,NA,NA,1.66E-05,0,0
SENP5,3,196612295,196612295,Missense_Mutation,other non-conserving,SNP,G,T,NA,ENST00000323460.5,p.K81N,NA,30:07:00,42:22:00,58:06:00,NA,NA,,0,0
LRCH3,3,197518212,197518212,Silent,silent,SNP,G,C,NA,ENST00000425562.2,p.S21S,NA,9:25,0.958333333,NA,NA,NA,,0,0
GAK,4,860791,860791,Frame_Shift_Del,damaging,DEL,G,-,NA,ENST00000314167.4,p.P943fs,NA,22:18,36:43:00,24:105,NA,NA,,0,0
IDUA,4,996138,996138,Missense_Mutation,other non-conserving,SNP,T,C,NA,ENST00000247933.4,p.F352L,NA,33:11:00,38:19:00,7:21,NA,NA,8.27E-06,0,0
NELFA,4,1993404,1993404,Silent,silent,SNP,G,A,NA,ENST00000411638.2,p.S83S,NA,NA,NA,34:134,NA,NA,,0,0
HAUS3,4,2238074,2238074,Missense_Mutation,other non-conserving,SNP,C,G,NA,ENST00000243706.4,p.D487H,NA,18:29,62:88,47:71,NA,NA,,0,0
ZBTB49,4,4317443,4317443,Missense_Mutation,other non-conserving,SNP,G,A,NA,ENST00000337872.4,p.R486Q,NA,14:24,NA,22:28,NA,NA,8.24E-06,0,0
ABLIM2,4,8009825,8009825,Missense_Mutation,other non-conserving,SNP,C,T,NA,ENST00000341937.5,p.D493N,NA,12:28,NA,NA,NA,NA,,0,0
SLC2A9,4,10023045,10023045,Silent,silent,SNP,C,T,NA,ENST00000264784.3,p.R3R,NA,NA,NA,6:38,NA,NA,,0,0
BOD1L1,4,13583889,13583889,Missense_Mutation,other non-conserving,SNP,T,C,NA,ENST00000040738.5,p.N2855S,NA,13:21,57:73,106:126,NA,NA,3.30E-05,0,0
KLHL5,4,39114763,39114763,Silent,silent,SNP,G,T,NA,ENST00000504108.1,p.V650V,NA,18:08,204:132,44:56:00,NA,NA,,0,0
RFC1,4,39301656,39301656,Missense_Mutation,other non-conserving,SNP,A,C,rs375229636,ENST00000381897.1,p.S932R,NA,11:17,63:160,21:17,NA,NA,3.30E-05,0,0
PDS5A,4,39839502,39839502,Silent,silent,SNP,T,A,NA,ENST00000303538.8,p.P1328P,NA,NA,NA,44:79,NA,NA,,0,0
COMMD8,4,47455212,47455212,Missense_Mutation,other non-conserving,SNP,T,G,NA,ENST00000381571.4,p.K132T,NA,9:21,61:157,NA,NA,NA,,0,0
CNGA1,4,47945217,47945217,Missense_Mutation,other non-conserving,SNP,T,G,NA,ENST00000514170.1,p.S144R,NA,10:05,6:00,34:46:00,NA,NA,,0,0
SPATA18,4,52926950,52926950,Missense_Mutation,other non-conserving,SNP,G,C,NA,ENST00000295213.4,p.G66R,NA,9:19,NA,20:52,NA,NA,8.24E-06,0,0
PDGFRA,4,55129981,55129981,Missense_Mutation,other non-conserving,SNP,A,T,NA,ENST00000257290.5,p.Y172F,NA,9:27,NA,19:28,1.001388889,NA,,0,0
REST,4,57797845,57797845,Missense_Mutation,other non-conserving,SNP,G,C,NA,ENST00000309042.7,p.D941H,NA,10:30,18:44,28:43:00,NA,NA,,0,0
ODAM,4,71066313,71066313,Missense_Mutation,other non-conserving,SNP,G,A,NA,ENST00000396094.2,p.E175K,NA,27:10:00,NA,27:30:00,NA,NA,,0,0
OPRPN,4,71275333,71275333,Silent,silent,SNP,T,G,NA,ENST00000399575.2,p.P96P,NA,8:24,NA,NA,NA,NA,8.28E-06,0,0
JCHAIN,4,71522947,71522947,Missense_Mutation,other non-conserving,SNP,C,G,,ENST00000254801.4,p.V84L,NA,NA,286:309,NA,NA,NA,,0,0
CCDC158,4,77278575,77278575,Missense_Mutation,other non-conserving,SNP,C,T,NA,ENST00000388914.3,p.E709K,NA,13:30,NA,33:44:00,NA,NA,,0,0
SEC31A,4,83812317,83812317,De_novo_Start_OutOfFrame,damaging,SNP,C,A,NA,ENST00000395310.2,NA,NA,19:08,210:33:00,NA,NA,NA,,0,0
FAM13A,4,89670116,89670116,Silent,silent,SNP,C,G,NA,ENST00000264344.5,p.R716R,NA,7:18,15:22,NA,NA,NA,,0,0
SMARCAD1,4,95197523,95197523,Silent,silent,SNP,T,C,NA,ENST00000354268.4,p.R614R,NA,18:17,47:38:00,22:47,NA,NA,8.24E-06,0,0
SMARCAD1,4,95200079,95200080,Splice_Site,damaging,INS,-,A,NA,ENST00000354268.4,NA,NA,NA,7:39,NA,NA,NA,8.24E-06,0,0
TRMT10A,4,100479334,100479335,Frame_Shift_Ins,damaging,INS,-,T,NA,ENST00000273962.3,p.L74fs,NA,NA,9:51,NA,NA,NA,,0,0
CASP6,4,110615850,110615850,Missense_Mutation,other non-conserving,SNP,G,A,rs369758323,ENST00000265164.2,p.T105I,NA,11:21,41:98,24:30:00,58:88,NA,,0,0
ANK2,4,114195778,114195778,Silent,silent,SNP,A,G,NA,ENST00000357077.4,p.A552A,NA,25:15:00,4:00,19:25,NA,NA,,0,0
QRFPR,4,122301634,122301634,Missense_Mutation,other non-conserving,SNP,C,T,NA,ENST00000394427.2,p.A57T,NA,NA,NA,15:21,NA,NA,,0,0
GYPB,4,144920567,144920571,Frame_Shift_Del,damaging,DEL,GTACA,-,rs377112032,ENST00000502664.1,p.VP57fs,NA,10:25,NA,NA,NA,NA,,0,0
FAM160A1,4,152570925,152570925,Missense_Mutation,other non-conserving,SNP,G,A,NA,ENST00000505231.1,p.E578K,NA,22:10,8:03,NA,NA,NA,,0,0
MAP9,4,156269022,156269022,Silent,silent,SNP,T,C,NA,ENST00000311277.4,p.K619K,NA,7:17,11:16,13:17,NA,NA,,0,0
RXFP1,4,159559224,159559224,Nonsense_Mutation,damaging,SNP,A,T,NA,ENST00000307765.5,p.K346*,NA,9:22,NA,35:44:00,NA,NA,,0,0
FSTL5,4,162307258,162307258,Missense_Mutation,other non-conserving,SNP,C,T,NA,ENST00000306100.5,p.E729K,NA,19:11,NA,36:37:00,NA,NA,,0,0
CPE,4,166300652,166300652,Silent,silent,SNP,G,T,NA,ENST00000402744.4,p.L93L,NA,18:08,77:06:00,NA,NA,NA,,0,0
DDX60,4,169138150,169138150,Missense_Mutation,other non-conserving,SNP,G,T,rs372799055,ENST00000393743.3,p.D1691E,NA,NA,NA,58:58:00,NA,NA,8.24E-06,0,0
ADAM29,4,175898171,175898171,Missense_Mutation,other non-conserving,SNP,C,A,NA,ENST00000359240.3,p.H499N,NA,23:12,NA,58:69,56:20:00,NA,,0,0
TENM3,4,183673067,183673067,Silent,silent,SNP,A,G,NA,ENST00000511685.1,p.K1248K,NA,17:18,3:13,NA,NA,NA,,0,0
UFSP2,4,186334949,186334949,Missense_Mutation,other non-conserving,SNP,C,A,NA,ENST00000264689.6,p.E254D,NA,12:19,45:61,45:58:00,NA,NA,,0,0
SLC9A3,5,475089,475089,Missense_Mutation,other non-conserving,SNP,A,T,NA,ENST00000264938.3,p.F804I,NA,24:18:00,3:08,25:10:00,NA,NA,,0,0
SLC6A18,5,1244480,1244480,Silent,silent,SNP,A,G,NA,ENST00000324642.3,p.G496G,NA,NA,NA,26:148,NA,NA,,0,0
TRIO,5,14330953,14330953,Missense_Mutation,other non-conserving,SNP,C,G,NA,ENST00000344204.4,p.L600V,NA,10:43,105:323,69:253,0.759722222,NA,,0,0
TRIO,5,14502720,14502720,Missense_Mutation,other non-conserving,SNP,A,G,NA,ENST00000344204.4,p.K2789E,NA,17:24,361:398,25:113,5:04,NA,,0,0
CDH18,5,19839334,19839334,De_novo_Start_OutOfFrame,damaging,SNP,C,T,NA,ENST00000507958.1,NA,NA,18:25,NA,NA,NA,NA,,0,0
DROSHA,5,31526458,31526458,Silent,silent,SNP,G,A,NA,ENST00000511367.2,p.P194P,NA,20:22,73:90,39:177,NA,NA,,0,0
ADAMTS12,5,33576482,33576482,Missense_Mutation,other non-conserving,SNP,T,C,NA,ENST00000504830.1,p.M1217V,NA,25:17:00,NA,33:127,NA,NA,,0,0
DAB2,5,39383268,39383268,Missense_Mutation,other non-conserving,SNP,G,T,NA,ENST00000320816.6,p.L265I,NA,19:25,19:45,251:134,NA,NA,,0,0
PARP8,5,49962985,49962985,Missense_Mutation,other non-conserving,SNP,A,G,NA,ENST00000281631.5,p.Q19R,NA,11:19,2:04,192:79,NA,NA,8.65E-06,0,0
MTREX,5,54640988,54640988,Nonsense_Mutation,damaging,SNP,A,T,NA,ENST00000230640.5,p.K358*,NA,23:12,NA,0.841666667,NA,NA,,0,0
MAST4,5,66084496,66084496,Splice_Site,damaging,SNP,A,T,NA,ENST00000403625.2,NA,NA,NA,NA,43:03:00,NA,NA,,0,0
CRHBP,5,76251547,76251547,Missense_Mutation,other non-conserving,SNP,G,A,NA,ENST00000274368.4,p.E135K,NA,24:14:00,NA,NA,NA,NA,8.24E-06,0,0
CMYA5,5,79032540,79032540,Missense_Mutation,other non-conserving,SNP,T,C,NA,ENST00000446378.2,p.L2651S,NA,12:25,NA,203:10:00,NA,NA,,0,0
ZFYVE16,5,79733598,79733598,Missense_Mutation,other non-conserving,SNP,A,G,NA,ENST00000338008.5,p.H365R,NA,38:10:00,37:20:00,NA,NA,NA,,0,0
FAM151B,5,79815677,79815677,Silent,silent,SNP,G,T,NA,ENST00000282226.4,p.V161V,NA,22:07,NA,NA,NA,NA,,0,0
MSH3,5,80109433,80109433,Missense_Mutation,other non-conserving,SNP,G,A,NA,ENST00000265081.6,p.G896R,NA,8:21,18:49,84:09:00,9:21,NA,1.65E-05,0,0
KIAA0825,5,93722019,93722019,Missense_Mutation,other non-conserving,SNP,C,T,NA,ENST00000513200.3,p.E1183K,NA,12:20,NA,187:12:00,NA,NA,,0,0
SLC27A6,5,128326151,128326151,Silent,silent,SNP,A,G,NA,ENST00000262462.4,p.Q321Q,NA,24:13:00,NA,NA,NA,NA,,0,0
ADAMTS19,5,129070703,129070703,Missense_Mutation,other non-conserving,SNP,G,A,rs553809104,ENST00000274487.4,p.E1125K,NA,16:07,NA,NA,7:05,NA,8.24E-06,4,0
PSD2,5,139193008,139193008,Silent,silent,SNP,C,T,rs573050249,ENST00000274710.3,p.D162D,NA,25:12:00,NA,NA,NA,NA,9.88E-05,4,0
PCDHB5,5,140517005,140517005,Silent,silent,SNP,C,T,rs373394808,ENST00000231134.5,p.D663D,NA,15:10,NA,NA,NA,NA,2.49E-05,0,0
PCDHGA4,5,140734862,140734862,Missense_Mutation,other non-conserving,SNP,T,A,NA,ENST00000571252.1,p.L32H,NA,22:08,NA,NA,NA,NA,,0,0
JAKMIP2,5,147024497,147024497,Silent,silent,SNP,G,T,NA,ENST00000265272.5,p.L333L,NA,14:13,NA,62:11:00,NA,NA,,0,0
HAVCR2,5,156525883,156525883,Missense_Mutation,other non-conserving,SNP,C,G,NA,ENST00000307851.4,p.D170H,NA,12:22,NA,NA,NA,NA,,0,0
INSYN2B,5,169310487,169310487,Missense_Mutation,other non-conserving,SNP,G,C,NA,ENST00000377365.3,p.S139C,NA,14:21,7:11,NA,NA,NA,,0,0
STC2,5,172750407,172750407,Missense_Mutation,other non-conserving,SNP,C,G,NA,ENST00000265087.4,p.L107F,NA,12:24,NA,NA,NA,NA,,0,0
RUFY1,5,179023674,179023674,Silent,silent,SNP,C,T,rs200817886,ENST00000319449.4,p.H541H,NA,17:18,253:272,NA,NA,NA,3.32E-05,0,0
OR2Y1,5,180166905,180166905,Missense_Mutation,other non-conserving,SNP,C,A,NA,ENST00000307832.2,p.D52Y,NA,13:19,NA,56:05:00,NA,NA,,0,0
TRIM7,5,180622444,180622444,Silent,silent,SNP,G,T,NA,ENST00000274773.7,p.R420R,NA,13:24,NA,6:00,NA,NA,,0,0
TRIM41,5,180661667,180661668,Frame_Shift_Del,damaging,DEL,AG,-,NA,ENST00000315073.5,p.E596fs,NA,19:13,54:45:00,NA,NA,NA,,0,0
RPP40,6,4996598,4996598,Nonsense_Mutation,damaging,SNP,G,A,NA,ENST00000380051.2,p.Q206*,NA,25:36:00,NA,28:55:00,NA,NA,,0,0
PAK1IP1,6,10702647,10702647,Missense_Mutation,other non-conserving,SNP,G,T,rs200414486,ENST00000379568.3,p.S98I,NA,33:20:00,330:198,74:46:00,NA,NA,,0,0
HIST1H2BI,6,26273554,26273554,Silent,silent,SNP,G,A,NA,ENST00000377733.2,p.K117K,NA,NA,NA,0.475694444,NA,NA,,0,0
BTN1A1,6,26508978,26508978,Missense_Mutation,other non-conserving,SNP,C,A,NA,ENST00000244513.6,p.P386H,NA,7:37,NA,37:66,NA,NA,,0,0
GPX6,6,28472099,28472099,Missense_Mutation,other non-conserving,SNP,C,A,NA,ENST00000474923.1,p.W179L,NA,20:30,NA,40:42:00,NA,NA,,0,0
OR2H1,6,29430069,29430069,Missense_Mutation,other non-conserving,SNP,T,G,rs149955021,ENST00000377136.1,p.F175V,NA,11:37,NA,NA,NA,NA,,0,0
HLA-F,6,29692854,29692854,Silent,silent,SNP,G,A,NA,ENST00000376861.1,p.E219E,NA,NA,90:101,NA,NA,NA,,0,0
STK19,6,31940401,31940401,Missense_Mutation,other non-conserving,SNP,C,G,NA,ENST00000375333.2,p.S145W,NA,48:21:00,43:80,42:52:00,NA,NA,,0,0
NOTCH4,6,32168893,32168893,Splice_Site,damaging,SNP,C,A,NA,ENST00000375023.3,NA,NA,22:33,NA,34:36:00,NA,NA,,0,0
ZBTB9,6,33423476,33423476,Missense_Mutation,other non-conserving,SNP,G,A,NA,ENST00000395064.2,p.G200E,NA,7:49,0.75,NA,NA,NA,,0,0
ITPR3,6,33653186,33653186,Silent,silent,SNP,C,T,NA,ENST00000374316.5,p.F1786F,NA,24:30:00,221:349,NA,NA,NA,8.24E-06,0,0
SNRPC,6,34730386,34730386,Missense_Mutation,other non-conserving,SNP,G,C,NA,ENST00000244520.5,p.K22N,NA,46:19:00,568:375,20:49,NA,NA,,0,0
STK38,6,36463589,36463589,Missense_Mutation,other non-conserving,SNP,A,G,NA,ENST00000229812.7,p.I457T,NA,51:29:00,341:139,83:49:00,427:209,NA,8.24E-06,0,0
SAYSD1,6,39082690,39082690,Missense_Mutation,other non-conserving,SNP,G,C,rs534026071,ENST00000229903.4,p.A59G,NA,16:23,45:62,16:20,NA,NA,8.24E-06,0,0
TSPO2,6,41011373,41011373,Missense_Mutation,other non-conserving,SNP,C,A,NA,ENST00000373161.1,p.A84D,NA,60:28:00,NA,87:58:00,NA,NA,,0,0
TREML1,6,41121537,41121537,Missense_Mutation,other non-conserving,SNP,G,T,NA,ENST00000426005.2,p.P112H,NA,73:36:00,NA,59:41:00,NA,NA,,0,0
ZNF318,6,43325445,43325445,Missense_Mutation,other non-conserving,SNP,C,T,NA,ENST00000361428.2,p.E203K,NA,17:33,27:42:00,111:147,NA,NA,,0,0
CAPN11,6,44143812,44143812,Missense_Mutation,other non-conserving,SNP,G,A,NA,ENST00000398776.1,p.S280N,NA,24:27:00,NA,23:27,NA,NA,,0,0
ADGRF5,6,46821742,46821742,Missense_Mutation,other non-conserving,SNP,G,C,NA,ENST00000283296.7,p.S1343W,NA,24:32:00,314:286,37:69,NA,NA,8.24E-06,0,0
ADGRF1,6,46984376,46984376,Missense_Mutation,other non-conserving,SNP,C,G,NA,ENST00000371253.2,p.G247A,NA,26:23:00,69:66,45:53:00,NA,NA,8.24E-06,0,0
TNFRSF21,6,47251976,47251976,Missense_Mutation,other non-conserving,SNP,G,A,NA,ENST00000296861.2,p.P314L,NA,20:29,372:376,66:88,NA,NA,1.65E-05,0,0
MUT,6,49399536,49399536,Missense_Mutation,other non-conserving,SNP,T,C,NA,ENST00000274813.3,p.N720D,NA,24:25:00,133:60,179:236,NA,NA,2.47E-05,0,0
GLYATL3,6,49489446,49489446,Silent,silent,SNP,T,C,NA,ENST00000371197.4,p.H134H,NA,21:24,NA,NA,NA,NA,,0,0
MLIP,6,54095605,54095605,Missense_Mutation,other non-conserving,SNP,C,T,NA,ENST00000274897.5,p.L403F,NA,24:26:00,NA,107:169,NA,NA,,0,0
LGSN,6,63990177,63990177,Missense_Mutation,other non-conserving,SNP,C,A,NA,ENST00000370657.4,p.G427C,NA,20:37,NA,51:41:00,NA,NA,,0,0
ADGRB3,6,69703796,69703796,Missense_Mutation,other non-conserving,SNP,G,T,NA,ENST00000370598.1,p.R624I,NA,6:49,NA,NA,28:107,NA,,3,0
SLC17A5,6,74345121,74345121,Missense_Mutation,other non-conserving,SNP,G,A,rs386833994,ENST00000355773.5,p.S268L,NA,13:55,0.703472222,92:85,NA,NA,,0,0
SLC17A5,6,74345200,74345200,Missense_Mutation,other non-conserving,SNP,G,C,NA,ENST00000355773.5,p.L242V,NA,9:42,1.004166667,46:69,NA,NA,,0,0
FILIP1,6,76022448,76022448,Missense_Mutation,other non-conserving,SNP,G,A,rs201283216,ENST00000237172.7,p.R1034W,NA,35:20:00,NA,265:118,NA,NA,4.94E-05,0,0
IBTK,6,82904256,82904256,Missense_Mutation,other non-conserving,SNP,G,C,rs369193847,ENST00000306270.7,p.P1093R,NA,17:00,133:01:00,80:08:00,NA,NA,3.30E-05,0,0
PNRC1,6,89790862,89790862,Silent,silent,SNP,C,T,NA,ENST00000336032.3,p.L83L,NA,12:11,28:22:00,6:15,NA,NA,,0,0
BACH2,6,90661568,90661568,Missense_Mutation,other non-conserving,SNP,C,A,NA,ENST00000257749.4,p.G86V,NA,23:00,NA,61:05:00,NA,NA,,0,0
LAMA4,6,112451233,112451233,Silent,silent,SNP,C,T,NA,ENST00000230538.7,p.L1326L,NA,7:15,NA,36:82,NA,NA,,0,0
ADGRG6,6,142758584,142758584,Missense_Mutation,other non-conserving,SNP,C,G,NA,ENST00000230173.6,p.F1111L,NA,10:10,71:84,190:107,NA,NA,,0,0
NOX3,6,155774554,155774554,Silent,silent,SNP,C,A,NA,ENST00000159060.2,p.G108G,NA,27:00:00,NA,463:27:00,NA,NA,,0,0
C6orf118,6,165715521,165715521,Missense_Mutation,other non-conserving,SNP,G,T,NA,ENST00000230301.8,p.P97Q,NA,NA,NA,22:58,NA,NA,,0,0
KIF25,6,168442663,168442663,Missense_Mutation,other non-conserving,SNP,A,C,NA,ENST00000443060.2,p.S221R,NA,15:28,NA,NA,NA,NA,,0,0
KIF25,6,168442664,168442664,Missense_Mutation,other non-conserving,SNP,G,C,NA,ENST00000443060.2,p.S221T,NA,15:28,NA,NA,NA,NA,,0,0
PHF10,6,170114909,170114909,Missense_Mutation,other non-conserving,SNP,T,G,NA,ENST00000339209.4,p.K241N,NA,10:28,89:484,NA,NA,NA,,0,0
SNX13,7,17890488,17890488,Nonsense_Mutation,damaging,SNP,C,A,NA,ENST00000409389.1,p.E313*,NA,16:26,0.380555556,NA,NA,NA,,0,0
FERD3L,7,19184756,19184756,Missense_Mutation,other non-conserving,SNP,T,A,NA,ENST00000275461.3,p.E77V,NA,9:19,NA,6:13,NA,NA,,0,0
SP4,7,21550686,21550686,Silent,silent,SNP,G,C,NA,ENST00000222584.3,p.R718R,NA,13:26,7:07,35:55:00,NA,NA,,0,0
7-Sep,7,35937912,35937912,Splice_Site,damaging,SNP,G,A,NA,ENST00000432293.2,NA,NA,9:25,325:588,173:206,NA,NA,,0,0
ELMO1,7,36901334,36901334,Missense_Mutation,other non-conserving,SNP,A,C,NA,ENST00000310758.4,p.L638R,NA,10:19,NA,NA,NA,NA,,0,0
MYO1G,7,45015224,45015224,Silent,silent,SNP,G,A,NA,ENST00000258787.7,p.S141S,NA,28:08:00,4:08,11:12,NA,NA,,0,0
GTF2IRD1,7,73973349,73973349,Missense_Mutation,other non-conserving,SNP,G,A,NA,ENST00000265755.3,p.D771N,NA,NA,NA,0.678472222,NA,NA,,0,0
SRRM3,7,75877593,75877593,Silent,silent,SNP,G,A,NA,ENST00000326382.8,p.R107R,NA,24:12:00,NA,7:12,NA,NA,,0,0
GRM3,7,86416148,86416148,Missense_Mutation,other non-conserving,SNP,G,A,NA,ENST00000361669.2,p.R347H,NA,NA,NA,6:30,NA,NA,,0,0
KRIT1,7,91830661,91830661,Missense_Mutation,other non-conserving,SNP,C,T,NA,ENST00000340022.2,p.S701N,NA,20:05,74:42:00,55:90,NA,NA,4.12E-05,0,0
SAMD9L,7,92764109,92764109,Missense_Mutation,other non-conserving,SNP,C,A,NA,ENST00000318238.4,p.E392D,NA,17:26,31:66,NA,NA,NA,,0,0
DYNC1I1,7,95709774,95709774,Missense_Mutation,other non-conserving,SNP,C,A,NA,ENST00000324972.6,p.R601S,NA,22:06,NA,41:67,NA,NA,,0,0
LMTK2,7,97821446,97821447,Frame_Shift_Ins,damaging,INS,-,A,NA,ENST00000297293.5,p.E557fs,NA,NA,7:36,NA,NA,NA,,0,0
EPHB4,7,100421887,100421887,Missense_Mutation,other non-conserving,SNP,G,C,NA,ENST00000358173.3,p.L21V,NA,NA,NA,35:60,NA,NA,,0,0
SLC12A9,7,100464188,100464188,Silent,silent,SNP,G,A,rs371274671,ENST00000354161.3,p.L902L,NA,19:09,59:35:00,4:05,NA,NA,2.49E-05,0,0
COG5,7,106851597,106851597,Missense_Mutation,other non-conserving,SNP,T,C,NA,ENST00000347053.3,p.I758V,NA,24:12:00,73:34:00,53:77,NA,NA,2.47E-05,0,0
LAMB1,7,107591716,107591716,Nonsense_Mutation,damaging,SNP,C,A,NA,ENST00000222399.6,p.E1116*,NA,11:22,NA,22:30,NA,NA,,0,0
PNPLA8,7,108137167,108137167,Missense_Mutation,other non-conserving,SNP,G,A,NA,ENST00000422087.1,p.H496Y,NA,NA,NA,35:39:00,NA,NA,,0,0
PLXNA4,7,132174164,132174164,Missense_Mutation,other non-conserving,SNP,G,T,NA,ENST00000359827.3,p.R420S,NA,19:27,2:02,20:27,NA,NA,,0,0
BRAF,7,140481417,140481417,Missense_Mutation,other non-conserving,SNP,C,A,rs121913348,ENST00000288602.6,p.G464V,NA,29:24:00,28:28:00,43:61,88:62,NA,,3,14
CLCN1,7,143018844,143018844,Missense_Mutation,other non-conserving,SNP,G,C,NA,ENST00000343257.2,p.G200A,NA,15:30,NA,23:30,NA,NA,,0,0
ZNF282,7,148921620,148921620,Missense_Mutation,other non-conserving,SNP,G,T,NA,ENST00000262085.3,p.G633C,NA,25:21:00,53:41:00,11:17,NA,NA,,0,0
TMUB1,7,150779587,150779587,Silent,silent,SNP,G,A,NA,ENST00000392818.3,p.L22L,NA,27:22:00,286:319,18:26,NA,NA,,0,0
PTPRN2,7,157985022,157985022,Silent,silent,SNP,A,G,NA,ENST00000389418.4,p.A182A,NA,25:17:00,NA,NA,NA,NA,8.25E-06,0,0
MYOM2,8,2040345,2040345,Missense_Mutation,other non-conserving,SNP,A,T,NA,ENST00000262113.4,p.N667I,NA,5:24,NA,NA,NA,NA,,0,0
CSMD1,8,2965273,2965273,Missense_Mutation,other non-conserving,SNP,C,T,NA,ENST00000520002.1,p.E2269K,NA,NA,NA,0.670833333,NA,NA,,0,0
CSMD1,8,3081281,3081281,Missense_Mutation,other non-conserving,SNP,G,T,rs571113460,ENST00000520002.1,p.P1486Q,NA,5:21,NA,NA,NA,NA,,0,0
CSMD1,8,3253856,3253856,Missense_Mutation,other non-conserving,SNP,G,A,NA,ENST00000520002.1,p.P819L,NA,23:07,NA,29:05:00,NA,NA,,0,0
MFHAS1,8,8748511,8748511,Silent,silent,SNP,C,A,NA,ENST00000276282.6,p.S686S,NA,18:02,28:13:00,6:00,NA,NA,,0,0
MSR1,8,15967689,15967689,Missense_Mutation,other non-conserving,SNP,C,G,NA,ENST00000262101.5,p.G421R,NA,18:02,NA,48:12:00,NA,NA,,0,0
CSGALNACT1,8,19459828,19459828,De_novo_Start_OutOfFrame,damaging,SNP,C,T,rs537077927,ENST00000454498.2,NA,NA,23:03,NA,NA,NA,NA,,0,0
KIF13B,8,29037643,29037643,Missense_Mutation,other non-conserving,SNP,G,A,rs554021855,ENST00000524189.1,p.T233I,NA,5:24,NA,NA,NA,NA,8.28E-06,0,0
ZNF703,8,37556023,37556023,Missense_Mutation,other non-conserving,SNP,G,T,NA,ENST00000331569.4,p.R535L,NA,4:01,41:09:00,9:02,NA,NA,,0,0
ADGRA2,8,37697749,37697749,Silent,silent,SNP,G,A,NA,ENST00000412232.2,p.G874G,NA,NA,NA,25:08:00,NA,NA,,0,0
PRKDC,8,48774988,48774988,Silent,silent,SNP,G,A,NA,ENST00000314191.2,p.V1954V,NA,7:17,60:216,140:169,0.938194444,NA,,0,0
SOX17,8,55372099,55372099,Silent,silent,SNP,G,A,NA,ENST00000297316.4,p.P263P,NA,5:08,NA,5:03,NA,NA,,0,0
ARFGEF1,8,68178266,68178266,Nonsense_Mutation,damaging,SNP,C,A,NA,ENST00000262215.3,p.E700*,NA,NA,NA,59:80,NA,NA,,0,0
CRISPLD1,8,75898412,75898412,Missense_Mutation,other non-conserving,SNP,A,C,rs374697726,ENST00000262207.4,p.S64R,NA,15:01,NA,76:86,NA,NA,2.47E-05,0,0
DPY19L4,8,95751721,95751721,Missense_Mutation,other non-conserving,SNP,G,A,NA,ENST00000414645.2,p.E142K,NA,4:35,NA,85:137,NA,NA,8.24E-06,0,0
RNF19A,8,101271163,101271163,Missense_Mutation,other non-conserving,SNP,A,T,NA,ENST00000519449.1,p.L713H,NA,20:04,90:30:00,125:169,NA,NA,,0,0
SNX31,8,101608945,101608945,Silent,silent,SNP,G,A,rs377507284,ENST00000311812.2,p.C300C,NA,NA,NA,119:165,NA,NA,1.65E-05,0,0
FZD6,8,104337142,104337142,Missense_Mutation,other non-conserving,SNP,G,C,NA,ENST00000358755.4,p.G270R,NA,8:41,42:186,46:80,NA,NA,,0,0
CTHRC1,8,104388077,104388077,Missense_Mutation,other non-conserving,SNP,G,C,NA,ENST00000330295.5,p.G88R,NA,NA,NA,0.740972222,NA,NA,,0,0
MTBP,8,121458742,121458742,Missense_Mutation,other non-conserving,SNP,G,A,NA,ENST00000305949.1,p.S63N,NA,5:27,31:77,63:136,NA,NA,8.24E-06,0,0
FER1L6,8,125052247,125052247,Splice_Site,damaging,SNP,G,T,NA,ENST00000522917.1,p.K863N,NA,25:12:00,NA,62:52:00,NA,NA,,0,0
WDR97,8,145170587,145170587,Missense_Mutation,other non-conserving,SNP,C,T,NA,ENST00000323662.8,p.S1474L,NA,26:11:00,NA,NA,NA,NA,,0,0
ZNF251,8,145947468,145947473,In_Frame_Del,other non-conserving,DEL,ACAAAG,-,NA,ENST00000292562.7,p.FV525del,NA,NA,NA,50:275,NA,NA,,0,0
DOCK8,9,286465,286465,Missense_Mutation,other non-conserving,SNP,A,C,NA,ENST00000453981.1,p.Q54P,NA,NA,NA,5:39,NA,NA,,0,0
ERMP1,9,5832882,5832882,Missense_Mutation,other non-conserving,SNP,G,A,NA,ENST00000339450.5,p.T49M,NA,14:00,11:00,NA,NA,NA,4.54E-05,0,0
LURAP1L,9,12775810,12775810,Missense_Mutation,other non-conserving,SNP,G,T,NA,ENST00000319264.3,p.E32D,NA,NA,NA,4:16,NA,NA,,0,0
SLC24A2,9,19521013,19521013,Missense_Mutation,other non-conserving,SNP,T,C,NA,ENST00000341998.2,p.I539V,NA,20:00,NA,19:02,NA,NA,2.47E-05,0,0
ACO1,9,32436303,32436303,Missense_Mutation,other non-conserving,SNP,A,G,rs202244128,ENST00000309951.6,p.M719V,NA,16:14,292:132,118:84,NA,NA,4.94E-05,0,0
DNAI1,9,34485209,34485209,Frame_Shift_Del,damaging,DEL,C,-,NA,ENST00000242317.4,p.P52fs,NA,11:18,NA,58:184,NA,NA,,0,0
PIGO,9,35094001,35094001,Missense_Mutation,other non-conserving,SNP,C,A,NA,ENST00000378617.3,p.V226L,NA,15:27,71:99,22:51,NA,NA,,0,0
TLN1,9,35706092,35706092,Missense_Mutation,other non-conserving,SNP,T,A,NA,ENST00000314888.9,p.Q1793L,NA,8:26,294:447,60:133,2:04,NA,,0,0
ZCCHC7,9,37126919,37126919,Missense_Mutation,other non-conserving,SNP,G,A,NA,ENST00000336755.5,p.C197Y,NA,23:10,72:39:00,126:95,NA,NA,,0,0
RORB,9,77245206,77245206,Missense_Mutation,other non-conserving,SNP,G,A,NA,ENST00000396204.2,p.E17K,NA,4:36,NA,NA,NA,NA,,0,0
PSAT1,9,80912178,80912178,Missense_Mutation,other non-conserving,SNP,C,A,NA,ENST00000376588.3,p.P18T,NA,15:10,228:139,7:05,NA,NA,,0,0
SPATA31D1,9,84605750,84605750,Missense_Mutation,other non-conserving,SNP,G,T,rs267602288,ENST00000344803.2,p.R122L,NA,9:25,NA,93:222,NA,NA,,0,0
SPATA31D1,9,84606508,84606508,Missense_Mutation,other non-conserving,SNP,G,A,NA,ENST00000344803.2,p.D375N,NA,NA,NA,96:212,NA,NA,,0,0
FGD3,9,95738779,95738779,Missense_Mutation,other non-conserving,SNP,C,T,NA,ENST00000375482.3,p.P81S,NA,14:22,NA,7:16,NA,NA,,0,0
WNK2,9,95947698,95947698,Missense_Mutation,other non-conserving,SNP,C,T,NA,ENST00000297954.4,p.P163S,NA,22:05,NA,13:08,NA,NA,,0,0
ZNF169,9,97062840,97062842,In_Frame_Del,other non-conserving,DEL,CTT,-,NA,ENST00000395395.2,p.L335del,NA,10:31,NA,37:102,NA,NA,8.24E-06,0,0
FANCC,9,97897664,97897664,Silent,silent,SNP,C,T,NA,ENST00000289081.3,p.L269L,NA,12:29,14:23,NA,36:75,NA,,0,0
SMC2,9,106880532,106880532,Silent,silent,SNP,T,C,NA,ENST00000286398.7,p.F624F,NA,13:21,103:191,35:98,35:48:00,NA,,0,0
OR13D1,9,107457544,107457544,Missense_Mutation,other non-conserving,SNP,T,C,NA,ENST00000318763.5,p.I281T,NA,21:07,NA,103:77,NA,NA,,0,0
MEGF9,9,123367609,123367609,Silent,silent,SNP,T,C,NA,ENST00000373930.3,p.K556K,NA,28:17:00,71:27:00,230:166,NA,NA,,0,0
ZBTB6,9,125673432,125673432,Missense_Mutation,other non-conserving,SNP,G,A,NA,ENST00000373659.3,p.P307L,NA,15:19,12:26,35:85,NA,NA,,0,0
REXO4,9,136282889,136282889,Missense_Mutation,other non-conserving,SNP,G,C,NA,ENST00000371942.3,p.L26V,NA,15:22,77:92,46:83,NA,NA,,0,0
SEC16A,9,139371118,139371118,Missense_Mutation,other non-conserving,SNP,A,C,NA,ENST00000371706.3,p.L139R,NA,17:23,27:48:00,33:73,NA,NA,,0,0
MAMDC4,9,139752232,139752232,Silent,silent,SNP,G,T,NA,ENST00000317446.2,p.G816G,NA,27:38:00,NA,3:15,6:10,NA,,0,0
C9orf139,9,139929258,139929258,Missense_Mutation,other non-conserving,SNP,C,A,NA,ENST00000314330.2,p.P109T,NA,18:27,NA,20:37,NA,NA,,0,0
NPDC1,9,139937485,139937485,Silent,silent,SNP,C,T,NA,ENST00000371601.4,p.K51K,NA,7:19,34:43:00,10:15,NA,NA,,0,0
MT-CO1,M,6221,6221,Silent,silent,SNP,T,C,NA,ENST00000361624.2,p.P106P,NA,NA,NA,98:02:00,NA,NA,,0,0
MT-CO1,M,6371,6371,Silent,silent,SNP,C,T,NA,ENST00000361624.2,p.S156S,NA,956:01:00,NA,145:03:00,NA,NA,,0,0
MT-ATP8,M,8506,8506,Silent,silent,SNP,T,C,NA,ENST00000361851.1,p.Y47Y,NA,953:01:00,NA,NA,NA,NA,,0,0
MT-ND4,M,12084,12084,Missense_Mutation,other non-conserving,SNP,C,T,NA,ENST00000361381.2,p.S442F,NA,NA,439:10:00,151:06:00,NA,NA,,0,0
MT-ND5,M,13966,13966,Missense_Mutation,other non-conserving,SNP,A,G,NA,ENST00000361567.2,p.T544A,NA,915:00:00,NA,168:03:00,NA,NA,,0,0
MT-ND6,M,14470,14470,Silent,silent,SNP,T,C,NA,ENST00000361681.2,p.G68G,NA,902:00:00,NA,140:02:00,NA,NA,,0,0
MT-CYB,M,15310,15310,Silent,silent,SNP,T,C,NA,ENST00000361789.2,p.I188I,NA,NA,NA,120:14:00,NA,NA,,0,0
P2RY8,X,1584782,1584782,Missense_Mutation,other non-conserving,SNP,C,T,NA,ENST00000381297.4,p.E224K,NA,5:25,NA,NA,NA,NA,,0,0
VCX2,X,8138149,8138149,Missense_Mutation,other non-conserving,SNP,C,A,NA,ENST00000317103.4,p.S115I,NA,NA,NA,7:49,NA,NA,,0,0
PIR,X,15444111,15444111,Silent,silent,SNP,G,T,NA,ENST00000380421.3,p.S161S,NA,8:17,NA,NA,NA,NA,,0,0
ADGRG2,X,19046302,19046302,Splice_Site,damaging,SNP,T,G,NA,ENST00000379869.3,p.Q138P,NA,6:22,NA,NA,NA,NA,,0,0
KLHL34,X,21675890,21675890,Missense_Mutation,other non-conserving,SNP,G,C,NA,ENST00000379499.2,p.S6C,NA,NA,NA,13:21,NA,NA,,0,0
MAGEB3,X,30254741,30254741,Missense_Mutation,other non-conserving,SNP,G,A,NA,ENST00000361644.2,p.D234N,NA,5:12,NA,NA,NA,NA,,0,0
NR0B1,X,30327002,30327002,Missense_Mutation,other non-conserving,SNP,G,T,NA,ENST00000378970.4,p.P160Q,NA,21:06,NA,12:03,NA,NA,,0,0
DDX3X,X,41204752,41204752,Silent,silent,SNP,G,A,NA,ENST00000399959.2,p.V422V,NA,11:27,231:659,NA,NA,NA,,0,0
NYX,X,41333441,41333441,Silent,silent,SNP,C,G,rs63749062,ENST00000342595.2,p.L245L,NA,6:12,NA,NA,NA,NA,,0,0
WAS,X,48547426,48547426,Missense_Mutation,other non-conserving,SNP,C,A,NA,ENST00000376701.4,p.Q437K,NA,NA,NA,4:05,NA,NA,,0,0
ALAS2,X,55047546,55047546,Missense_Mutation,other non-conserving,SNP,C,T,NA,ENST00000330807.5,p.V193I,NA,27:04:00,NA,51:07:00,NA,NA,8.24E-06,0,0
AR,X,66931341,66931341,Silent,silent,SNP,A,G,rs145754310,ENST00000374690.3,p.T661T,NA,23:07,NA,26:02:00,93:09:00,NA,2.47E-05,0,0
TAF1,X,70607125,70607125,Missense_Mutation,other non-conserving,SNP,C,A,NA,ENST00000373790.4,p.N746K,NA,NA,NA,1.036111111,NA,NA,,0,0
DACH2,X,86067944,86067944,Silent,silent,SNP,C,T,NA,ENST00000373125.4,p.F442F,NA,NA,NA,37:13:00,NA,NA,,0,0
GPRASP1,X,101909417,101909417,Silent,silent,SNP,C,T,NA,ENST00000361600.5,p.F192F,NA,14:07,NA,NA,NA,NA,,0,0
IRS4,X,107978952,107978952,Missense_Mutation,other non-conserving,SNP,G,A,NA,ENST00000372129.2,p.T208M,NA,NA,NA,14:19,NA,NA,8.28E-06,0,0
LUZP4,X,114541218,114541218,Missense_Mutation,other non-conserving,SNP,G,A,,ENST00000371920.3,p.R264K,NA,4:05,NA,70:171,NA,NA,,0,0
XIAP,X,123041011,123041012,Frame_Shift_Ins,damaging,INS,-,A,NA,ENST00000371199.3,p.Q492fs,NA,NA,11:58,NA,NA,NA,,0,0
SLC9A6,X,135092664,135092664,Silent,silent,SNP,C,T,NA,ENST00000370698.3,p.F289F,NA,18:00,83:00:00,71:79,NA,NA,,0,0
MAP7D3,X,135308130,135308130,Missense_Mutation,other non-conserving,SNP,G,A,NA,ENST00000316077.9,p.R693C,NA,30:00:00,419:01:00,57:70,NA,NA,1.66E-05,0,0
AVPR2,X,153171436,153171436,Missense_Mutation,other non-conserving,SNP,C,T,NA,ENST00000358927.2,p.P159L,NA,23:00,NA,14:19,NA,NA,,0,0
TKTL1,X,153556278,153556278,Missense_Mutation,other non-conserving,SNP,T,C,NA,ENST00000369915.3,p.I531T,NA,NA,NA,83:108,NA,NA,,0,0
CLIC2,X,154507281,154507281,Missense_Mutation,other non-conserving,SNP,C,A,NA,ENST00000369449.2,p.A219S,NA,NA,NA,54:68,NA,NA,,0,0
